[INFO] Scanning for projects...
[INFO] 
[INFO] -----------------------< com.vben:vben-service >------------------------
[INFO] Building vben-service 1.0.0
[INFO]   from pom.xml
[INFO] --------------------------------[ jar ]---------------------------------
[INFO] 
[INFO] >>> spring-boot:3.5.6:run (default-cli) > test-compile @ vben-service >>>
[INFO] 
[INFO] --- resources:3.3.1:resources (default-resources) @ vben-service ---
[INFO] Copying 3 resources from src\main\resources to target\classes
[INFO] Copying 2 resources from src\main\resources to target\classes
[INFO] 
[INFO] --- compiler:3.14.0:compile (default-compile) @ vben-service ---
[INFO] Nothing to compile - all classes are up to date.
[INFO] 
[INFO] --- resources:3.3.1:testResources (default-testResources) @ vben-service ---
[INFO] skip non existing resourceDirectory D:\code\java\Vben-admin\service\src\test\resources
[INFO] 
[INFO] --- compiler:3.14.0:testCompile (default-testCompile) @ vben-service ---
[INFO] No sources to compile
[INFO] 
[INFO] <<< spring-boot:3.5.6:run (default-cli) < test-compile @ vben-service <<<
[INFO] 
[INFO] 
[INFO] --- spring-boot:3.5.6:run (default-cli) @ vben-service ---
[INFO] Attaching agents: []

  .   ____          _            __ _ _
 /\\ / ___'_ __ _ _(_)_ __  __ _ \ \ \ \
( ( )\___ | '_ | '_| | '_ \/ _` | \ \ \ \
 \\/  ___)| |_)| | | | | || (_| |  ) ) ) )
  '  |____| .__|_| |_|_| |_\__, | / / / /
 =========|_|==============|___/=/_/_/_/

 :: Spring Boot ::                (v3.5.6)

2026-08-20T15:37:55.756+08:00  INFO 26176 --- [vben-service] [           main] com.vben.service.ServiceApplication      : Starting ServiceApplication using Java 21.0.2 with PID 26176 (D:\code\java\Vben-admin\service\target\classes started by Win in D:\code\java\Vben-admin\service)
2026-08-20T15:37:55.758+08:00 DEBUG 26176 --- [vben-service] [           main] com.vben.service.ServiceApplication      : Running with Spring Boot v3.5.6, Spring v6.2.11
2026-08-20T15:37:55.758+08:00  INFO 26176 --- [vben-service] [           main] com.vben.service.ServiceApplication      : The following 1 profile is active: "dev"
2026-08-20T15:37:56.477+08:00  INFO 26176 --- [vben-service] [           main] o.s.b.w.embedded.tomcat.TomcatWebServer  : Tomcat initialized with port 8080 (http)
2026-08-20T15:37:56.487+08:00  INFO 26176 --- [vben-service] [           main] o.apache.catalina.core.StandardService   : Starting service [Tomcat]
2026-08-20T15:37:56.487+08:00  INFO 26176 --- [vben-service] [           main] o.apache.catalina.core.StandardEngine    : Starting Servlet engine: [Apache Tomcat/10.1.46]
2026-08-20T15:37:56.558+08:00  INFO 26176 --- [vben-service] [           main] o.a.c.c.C.[Tomcat].[localhost].[/api]    : Initializing Spring embedded WebApplicationContext
2026-08-20T15:37:56.558+08:00  INFO 26176 --- [vben-service] [           main] w.s.c.ServletWebServerApplicationContext : Root WebApplicationContext: initialization completed in 765 ms
Logging initialized using 'class org.apache.ibatis.logging.stdout.StdOutImpl' adapter.
Get /172.19.112.1 network interface 
Get network interface info: name:ethernet_32774 (Hyper-V Virtual Ethernet Adapter)
Initialization Sequence datacenterId:1 workerId:27
2026-08-20T15:37:56.643+08:00  INFO 26176 --- [vben-service] [           main] com.zaxxer.hikari.HikariDataSource       : HikariPool-1 - Starting...
2026-08-20T15:37:56.766+08:00  INFO 26176 --- [vben-service] [           main] com.zaxxer.hikari.pool.HikariPool        : HikariPool-1 - Added connection conn0: url=jdbc:h2:mem:vben user=SA
2026-08-20T15:37:56.767+08:00  INFO 26176 --- [vben-service] [           main] com.zaxxer.hikari.HikariDataSource       : HikariPool-1 - Start completed.
2026-08-20T15:37:56.968+08:00 DEBUG 26176 --- [vben-service] [           main] c.vben.service.security.JwtAuthFilter    : Filter 'jwtFilterRegistration' configured for use
2026-08-20T15:37:57.226+08:00  INFO 26176 --- [vben-service] [           main] m.e.s.MybatisPlusApplicationContextAware : Register ApplicationContext instances org.springframework.boot.web.servlet.context.AnnotationConfigServletWebServerApplicationContext@7ca20101
2026-08-20T15:37:57.234+08:00  INFO 26176 --- [vben-service] [           main] o.s.b.a.h2.H2ConsoleAutoConfiguration    : H2 console available at '/h2-console'. Database available at 'jdbc:h2:mem:vben'
2026-08-20T15:37:57.316+08:00  INFO 26176 --- [vben-service] [           main] o.s.b.w.embedded.tomcat.TomcatWebServer  : Tomcat started on port 8080 (http) with context path '/api'
2026-08-20T15:37:57.320+08:00  INFO 26176 --- [vben-service] [           main] com.vben.service.ServiceApplication      : Started ServiceApplication in 1.875 seconds (process running for 2.082)
Creating a new SqlSession
Registering transaction synchronization for SqlSession [org.apache.ibatis.session.defaults.DefaultSqlSession@35dcd032]
JDBC Connection [HikariProxyConnection@2117142060 wrapping conn0: url=jdbc:h2:mem:vben user=SA] will be managed by Spring
==>  Preparing: SELECT COUNT( * ) AS total FROM sys_user
==> Parameters: 
<==    Columns: total
<==        Row: 0
<==      Total: 1
Releasing transactional SqlSession [org.apache.ibatis.session.defaults.DefaultSqlSession@35dcd032]
2026-08-20T15:37:57.392+08:00  INFO 26176 --- [vben-service] [           main] c.vben.service.bootstrap.DatabaseSeeder  : Ê£ÄÊµãÂà∞Á©∫Â∫ìÔºåÂºÄÂßãÂàùÂßãÂåñÁßçÂ≠êÊï∞ÊçÆÔºà3 Ë¥¶Âè∑ / 3 ËßíËâ≤ / ËèúÂçï‰∏éÊùÉÈôêÁ†ÅÔºâ...
Fetched SqlSession [org.apache.ibatis.session.defaults.DefaultSqlSession@35dcd032] from current transaction
==>  Preparing: INSERT INTO sys_role ( role_key, role_name, sort_num, status ) VALUES ( ?, ?, ?, ? )
==> Parameters: super(String), ≥¨º∂π‹¿Ì‘±(String), 1(Integer), 0(Integer)
<==    Updates: 1
Releasing transactional SqlSession [org.apache.ibatis.session.defaults.DefaultSqlSession@35dcd032]
Fetched SqlSession [org.apache.ibatis.session.defaults.DefaultSqlSession@35dcd032] from current transaction
==>  Preparing: INSERT INTO sys_role ( role_key, role_name, sort_num, status ) VALUES ( ?, ?, ?, ? )
==> Parameters: admin(String), π‹¿Ì‘±(String), 2(Integer), 0(Integer)
<==    Updates: 1
Releasing transactional SqlSession [org.apache.ibatis.session.defaults.DefaultSqlSession@35dcd032]
Fetched SqlSession [org.apache.ibatis.session.defaults.DefaultSqlSession@35dcd032] from current transaction
==>  Preparing: INSERT INTO sys_role ( role_key, role_name, sort_num, status ) VALUES ( ?, ?, ?, ? )
==> Parameters: user(String), ∆’Õ®”√ªß(String), 3(Integer), 0(Integer)
<==    Updates: 1
Releasing transactional SqlSession [org.apache.ibatis.session.defaults.DefaultSqlSession@35dcd032]
Fetched SqlSession [org.apache.ibatis.session.defaults.DefaultSqlSession@35dcd032] from current transaction
==>  Preparing: INSERT INTO sys_menu ( parent_id, menu_name, menu_type, title, order_num, path, redirect, visible, keep_alive, affix_tab, status ) VALUES ( ?, ?, ?, ?, ?, ?, ?, ?, ?, ?, ? )
==> Parameters: 0(Long), Dashboard(String), M(String), page.dashboard.title(String), -1(Integer), /dashboard(String), /analytics(String), 0(Integer), 0(Integer), 0(Integer), 0(Integer)
<==    Updates: 1
Releasing transactional SqlSession [org.apache.ibatis.session.defaults.DefaultSqlSession@35dcd032]
Fetched SqlSession [org.apache.ibatis.session.defaults.DefaultSqlSession@35dcd032] from current transaction
==>  Preparing: INSERT INTO sys_menu ( parent_id, menu_name, menu_type, title, order_num, path, component, visible, keep_alive, affix_tab, status ) VALUES ( ?, ?, ?, ?, ?, ?, ?, ?, ?, ?, ? )
==> Parameters: 1(Long), Analytics(String), C(String), page.dashboard.analytics(String), 1(Integer), /analytics(String), /dashboard/analytics/index(String), 0(Integer), 0(Integer), 1(Integer), 0(Integer)
<==    Updates: 1
Releasing transactional SqlSession [org.apache.ibatis.session.defaults.DefaultSqlSession@35dcd032]
Fetched SqlSession [org.apache.ibatis.session.defaults.DefaultSqlSession@35dcd032] from current transaction
==>  Preparing: INSERT INTO sys_menu ( parent_id, menu_name, menu_type, title, order_num, path, component, visible, keep_alive, affix_tab, status ) VALUES ( ?, ?, ?, ?, ?, ?, ?, ?, ?, ?, ? )
==> Parameters: 1(Long), Workspace(String), C(String), page.dashboard.workspace(String), 2(Integer), /workspace(String), /dashboard/workspace/index(String), 0(Integer), 0(Integer), 0(Integer), 0(Integer)
<==    Updates: 1
Releasing transactional SqlSession [org.apache.ibatis.session.defaults.DefaultSqlSession@35dcd032]
Fetched SqlSession [org.apache.ibatis.session.defaults.DefaultSqlSession@35dcd032] from current transaction
==>  Preparing: INSERT INTO sys_menu ( parent_id, menu_name, menu_type, title, order_num, perm, visible, keep_alive, affix_tab, status ) VALUES ( ?, ?, ?, ?, ?, ?, ?, ?, ?, ? )
==> Parameters: 0(Long), Perm_System_User_List(String), F(String), System:User:List(String), 99(Integer), System:User:List(String), 0(Integer), 0(Integer), 0(Integer), 0(Integer)
<==    Updates: 1
Releasing transactional SqlSession [org.apache.ibatis.session.defaults.DefaultSqlSession@35dcd032]
Fetched SqlSession [org.apache.ibatis.session.defaults.DefaultSqlSession@35dcd032] from current transaction
==>  Preparing: INSERT INTO sys_menu ( parent_id, menu_name, menu_type, title, icon, order_num, path, redirect, visible, keep_alive, affix_tab, status ) VALUES ( ?, ?, ?, ?, ?, ?, ?, ?, ?, ?, ?, ? )
==> Parameters: 0(Long), System(String), M(String), œµÕ≥π‹¿Ì(String), ic:baseline-settings(String), 9000(Integer), /system(String), /system/user(String), 0(Integer), 0(Integer), 0(Integer), 0(Integer)
<==    Updates: 1
Releasing transactional SqlSession [org.apache.ibatis.session.defaults.DefaultSqlSession@35dcd032]
Fetched SqlSession [org.apache.ibatis.session.defaults.DefaultSqlSession@35dcd032] from current transaction
==>  Preparing: INSERT INTO sys_menu ( parent_id, menu_name, menu_type, title, icon, order_num, path, component, visible, keep_alive, affix_tab, authority, status ) VALUES ( ?, ?, ?, ?, ?, ?, ?, ?, ?, ?, ?, ?, ? )
==> Parameters: 5(Long), SystemUser(String), C(String), ”√ªßπ‹¿Ì(String), ant-design:user-outlined(String), 1(Integer), /system/user(String), /system/user/index(String), 0(Integer), 0(Integer), 0(Integer), super,admin(String), 0(Integer)
<==    Updates: 1
Releasing transactional SqlSession [org.apache.ibatis.session.defaults.DefaultSqlSession@35dcd032]
Fetched SqlSession [org.apache.ibatis.session.defaults.DefaultSqlSession@35dcd032] from current transaction
==>  Preparing: INSERT INTO sys_menu ( parent_id, menu_name, menu_type, title, icon, order_num, path, component, visible, keep_alive, affix_tab, authority, status ) VALUES ( ?, ?, ?, ?, ?, ?, ?, ?, ?, ?, ?, ?, ? )
==> Parameters: 5(Long), SystemRole(String), C(String), Ω«…´π‹¿Ì(String), ant-design:user-switch-outlined(String), 2(Integer), /system/role(String), /system/role/index(String), 0(Integer), 0(Integer), 0(Integer), super,admin(String), 0(Integer)
<==    Updates: 1
Releasing transactional SqlSession [org.apache.ibatis.session.defaults.DefaultSqlSession@35dcd032]
Fetched SqlSession [org.apache.ibatis.session.defaults.DefaultSqlSession@35dcd032] from current transaction
==>  Preparing: INSERT INTO sys_menu ( parent_id, menu_name, menu_type, title, icon, order_num, path, component, visible, keep_alive, affix_tab, authority, status ) VALUES ( ?, ?, ?, ?, ?, ?, ?, ?, ?, ?, ?, ?, ? )
==> Parameters: 5(Long), SystemMenu(String), C(String), ≤Àµ•π‹¿Ì(String), ant-design:menu-outlined(String), 3(Integer), /system/menu(String), /system/menu/index(String), 0(Integer), 0(Integer), 0(Integer), super,admin(String), 0(Integer)
<==    Updates: 1
Releasing transactional SqlSession [org.apache.ibatis.session.defaults.DefaultSqlSession@35dcd032]
Fetched SqlSession [org.apache.ibatis.session.defaults.DefaultSqlSession@35dcd032] from current transaction
==>  Preparing: INSERT INTO sys_menu ( parent_id, menu_name, menu_type, title, order_num, perm, visible, keep_alive, affix_tab, status ) VALUES ( ?, ?, ?, ?, ?, ?, ?, ?, ?, ? )
==> Parameters: 5(Long), Perm_System_Role_Add(String), F(String), System:Role:Add(String), 99(Integer), System:Role:Add(String), 0(Integer), 0(Integer), 0(Integer), 0(Integer)
<==    Updates: 1
Releasing transactional SqlSession [org.apache.ibatis.session.defaults.DefaultSqlSession@35dcd032]
Fetched SqlSession [org.apache.ibatis.session.defaults.DefaultSqlSession@35dcd032] from current transaction
==>  Preparing: INSERT INTO sys_menu ( parent_id, menu_name, menu_type, title, order_num, perm, visible, keep_alive, affix_tab, status ) VALUES ( ?, ?, ?, ?, ?, ?, ?, ?, ?, ? )
==> Parameters: 5(Long), Perm_System_Role_Edit(String), F(String), System:Role:Edit(String), 99(Integer), System:Role:Edit(String), 0(Integer), 0(Integer), 0(Integer), 0(Integer)
<==    Updates: 1
Releasing transactional SqlSession [org.apache.ibatis.session.defaults.DefaultSqlSession@35dcd032]
Fetched SqlSession [org.apache.ibatis.session.defaults.DefaultSqlSession@35dcd032] from current transaction
==>  Preparing: INSERT INTO sys_menu ( parent_id, menu_name, menu_type, title, order_num, perm, visible, keep_alive, affix_tab, status ) VALUES ( ?, ?, ?, ?, ?, ?, ?, ?, ?, ? )
==> Parameters: 5(Long), Perm_System_Role_Delete(String), F(String), System:Role:Delete(String), 99(Integer), System:Role:Delete(String), 0(Integer), 0(Integer), 0(Integer), 0(Integer)
<==    Updates: 1
Releasing transactional SqlSession [org.apache.ibatis.session.defaults.DefaultSqlSession@35dcd032]
Fetched SqlSession [org.apache.ibatis.session.defaults.DefaultSqlSession@35dcd032] from current transaction
==>  Preparing: INSERT INTO sys_menu ( parent_id, menu_name, menu_type, title, order_num, perm, visible, keep_alive, affix_tab, status ) VALUES ( ?, ?, ?, ?, ?, ?, ?, ?, ?, ? )
==> Parameters: 5(Long), Perm_System_Role_Auth(String), F(String), System:Role:Auth(String), 99(Integer), System:Role:Auth(String), 0(Integer), 0(Integer), 0(Integer), 0(Integer)
<==    Updates: 1
Releasing transactional SqlSession [org.apache.ibatis.session.defaults.DefaultSqlSession@35dcd032]
Fetched SqlSession [org.apache.ibatis.session.defaults.DefaultSqlSession@35dcd032] from current transaction
==>  Preparing: INSERT INTO sys_menu ( parent_id, menu_name, menu_type, title, order_num, perm, visible, keep_alive, affix_tab, status ) VALUES ( ?, ?, ?, ?, ?, ?, ?, ?, ?, ? )
==> Parameters: 5(Long), Perm_System_Menu_Add(String), F(String), System:Menu:Add(String), 99(Integer), System:Menu:Add(String), 0(Integer), 0(Integer), 0(Integer), 0(Integer)
<==    Updates: 1
Releasing transactional SqlSession [org.apache.ibatis.session.defaults.DefaultSqlSession@35dcd032]
Fetched SqlSession [org.apache.ibatis.session.defaults.DefaultSqlSession@35dcd032] from current transaction
==>  Preparing: INSERT INTO sys_menu ( parent_id, menu_name, menu_type, title, order_num, perm, visible, keep_alive, affix_tab, status ) VALUES ( ?, ?, ?, ?, ?, ?, ?, ?, ?, ? )
==> Parameters: 5(Long), Perm_System_Menu_Edit(String), F(String), System:Menu:Edit(String), 99(Integer), System:Menu:Edit(String), 0(Integer), 0(Integer), 0(Integer), 0(Integer)
<==    Updates: 1
Releasing transactional SqlSession [org.apache.ibatis.session.defaults.DefaultSqlSession@35dcd032]
Fetched SqlSession [org.apache.ibatis.session.defaults.DefaultSqlSession@35dcd032] from current transaction
==>  Preparing: INSERT INTO sys_menu ( parent_id, menu_name, menu_type, title, order_num, perm, visible, keep_alive, affix_tab, status ) VALUES ( ?, ?, ?, ?, ?, ?, ?, ?, ?, ? )
==> Parameters: 5(Long), Perm_System_Menu_Delete(String), F(String), System:Menu:Delete(String), 99(Integer), System:Menu:Delete(String), 0(Integer), 0(Integer), 0(Integer), 0(Integer)
<==    Updates: 1
Releasing transactional SqlSession [org.apache.ibatis.session.defaults.DefaultSqlSession@35dcd032]
Fetched SqlSession [org.apache.ibatis.session.defaults.DefaultSqlSession@35dcd032] from current transaction
==>  Preparing: INSERT INTO sys_menu ( parent_id, menu_name, menu_type, title, icon, order_num, path, redirect, visible, keep_alive, affix_tab, status ) VALUES ( ?, ?, ?, ?, ?, ?, ?, ?, ?, ?, ?, ? )
==> Parameters: 0(Long), Wsm(String), M(String), ø‚¥Êπ‹¿Ì(String), ic:baseline-inventory-2(String), 8000(Integer), /wsm(String), /wsm/store(String), 0(Integer), 0(Integer), 0(Integer), 0(Integer)
<==    Updates: 1
Releasing transactional SqlSession [org.apache.ibatis.session.defaults.DefaultSqlSession@35dcd032]
Fetched SqlSession [org.apache.ibatis.session.defaults.DefaultSqlSession@35dcd032] from current transaction
==>  Preparing: INSERT INTO sys_menu ( parent_id, menu_name, menu_type, title, icon, order_num, path, component, visible, keep_alive, affix_tab, authority, status ) VALUES ( ?, ?, ?, ?, ?, ?, ?, ?, ?, ?, ?, ?, ? )
==> Parameters: 16(Long), WsmStore(String), C(String), ø‚¥Ê(String), ic:baseline-inventory(String), 1(Integer), /wsm/store(String), /wsm/store/index(String), 0(Integer), 0(Integer), 0(Integer), super,admin(String), 0(Integer)
<==    Updates: 1
Releasing transactional SqlSession [org.apache.ibatis.session.defaults.DefaultSqlSession@35dcd032]
Fetched SqlSession [org.apache.ibatis.session.defaults.DefaultSqlSession@35dcd032] from current transaction
==>  Preparing: INSERT INTO sys_user ( username, password, nickname, status ) VALUES ( ?, ?, ?, ? )
==> Parameters: vben(String), $2a$10$uDDG/ebHjkdNHuwE/DCW/.vkwS7R.TU4SJPTAg8deux0yQzzGHV/.(String), Vben(String), 0(Integer)
<==    Updates: 1
Releasing transactional SqlSession [org.apache.ibatis.session.defaults.DefaultSqlSession@35dcd032]
Fetched SqlSession [org.apache.ibatis.session.defaults.DefaultSqlSession@35dcd032] from current transaction
==>  Preparing: INSERT INTO sys_user ( username, password, nickname, home_path, status ) VALUES ( ?, ?, ?, ?, ? )
==> Parameters: admin(String), $2a$10$kTseNu/UofmbDAClk3on2ezHh07odCt3lByC4DgFB4C4fnygvNs3u(String), Admin(String), /workspace(String), 0(Integer)
<==    Updates: 1
Releasing transactional SqlSession [org.apache.ibatis.session.defaults.DefaultSqlSession@35dcd032]
Fetched SqlSession [org.apache.ibatis.session.defaults.DefaultSqlSession@35dcd032] from current transaction
==>  Preparing: INSERT INTO sys_user ( username, password, nickname, home_path, status ) VALUES ( ?, ?, ?, ?, ? )
==> Parameters: jack(String), $2a$10$ZCXtnETO2vHbX3M6bsVYl.KRsd1fS6cCMqVq6tPUol5RmXjpQLQC2(String), Jack(String), /analytics(String), 0(Integer)
<==    Updates: 1
Releasing transactional SqlSession [org.apache.ibatis.session.defaults.DefaultSqlSession@35dcd032]
Fetched SqlSession [org.apache.ibatis.session.defaults.DefaultSqlSession@35dcd032] from current transaction
==>  Preparing: INSERT INTO sys_user_role ( user_id, role_id ) VALUES ( ?, ? )
==> Parameters: 1(Long), 1(Long)
<==    Updates: 1
Releasing transactional SqlSession [org.apache.ibatis.session.defaults.DefaultSqlSession@35dcd032]
Fetched SqlSession [org.apache.ibatis.session.defaults.DefaultSqlSession@35dcd032] from current transaction
==>  Preparing: INSERT INTO sys_user_role ( user_id, role_id ) VALUES ( ?, ? )
==> Parameters: 2(Long), 2(Long)
<==    Updates: 1
Releasing transactional SqlSession [org.apache.ibatis.session.defaults.DefaultSqlSession@35dcd032]
Fetched SqlSession [org.apache.ibatis.session.defaults.DefaultSqlSession@35dcd032] from current transaction
==>  Preparing: INSERT INTO sys_user_role ( user_id, role_id ) VALUES ( ?, ? )
==> Parameters: 3(Long), 3(Long)
<==    Updates: 1
Releasing transactional SqlSession [org.apache.ibatis.session.defaults.DefaultSqlSession@35dcd032]
Fetched SqlSession [org.apache.ibatis.session.defaults.DefaultSqlSession@35dcd032] from current transaction
==>  Preparing: SELECT id,parent_id,menu_name,menu_type,title,icon,order_num,path,component,redirect,perm,visible,keep_alive,affix_tab,authority,extra_meta,status,create_time FROM sys_menu
==> Parameters: 
<==    Columns: id, parent_id, menu_name, menu_type, title, icon, order_num, path, component, redirect, perm, visible, keep_alive, affix_tab, authority, extra_meta, status, create_time
<==        Row: 1, 0, Dashboard, M, page.dashboard.title, null, -1, /dashboard, null, /analytics, null, 0, 0, 0, null, null, 0, 2026-08-20 15:37:57.403075
<==        Row: 2, 1, Analytics, C, page.dashboard.analytics, null, 1, /analytics, /dashboard/analytics/index, null, null, 0, 0, 1, null, null, 0, 2026-08-20 15:37:57.404972
<==        Row: 3, 1, Workspace, C, page.dashboard.workspace, null, 2, /workspace, /dashboard/workspace/index, null, null, 0, 0, 0, null, null, 0, 2026-08-20 15:37:57.406022
<==        Row: 4, 0, Perm_System_User_List, F, System:User:List, null, 99, null, null, null, System:User:List, 0, 0, 0, null, null, 0, 2026-08-20 15:37:57.407063
<==        Row: 5, 0, System, M, œµÕ≥π‹¿Ì, ic:baseline-settings, 9000, /system, null, /system/user, null, 0, 0, 0, null, null, 0, 2026-08-20 15:37:57.408113
<==        Row: 6, 5, SystemUser, C, ”√ªßπ‹¿Ì, ant-design:user-outlined, 1, /system/user, /system/user/index, null, null, 0, 0, 0, super,admin, null, 0, 2026-08-20 15:37:57.409152
<==        Row: 7, 5, SystemRole, C, Ω«…´π‹¿Ì, ant-design:user-switch-outlined, 2, /system/role, /system/role/index, null, null, 0, 0, 0, super,admin, null, 0, 2026-08-20 15:37:57.409672
<==        Row: 8, 5, SystemMenu, C, ≤Àµ•π‹¿Ì, ant-design:menu-outlined, 3, /system/menu, /system/menu/index, null, null, 0, 0, 0, super,admin, null, 0, 2026-08-20 15:37:57.410709
<==        Row: 9, 5, Perm_System_Role_Add, F, System:Role:Add, null, 99, null, null, null, System:Role:Add, 0, 0, 0, null, null, 0, 2026-08-20 15:37:57.411229
<==        Row: 10, 5, Perm_System_Role_Edit, F, System:Role:Edit, null, 99, null, null, null, System:Role:Edit, 0, 0, 0, null, null, 0, 2026-08-20 15:37:57.411757
<==        Row: 11, 5, Perm_System_Role_Delete, F, System:Role:Delete, null, 99, null, null, null, System:Role:Delete, 0, 0, 0, null, null, 0, 2026-08-20 15:37:57.412802
<==        Row: 12, 5, Perm_System_Role_Auth, F, System:Role:Auth, null, 99, null, null, null, System:Role:Auth, 0, 0, 0, null, null, 0, 2026-08-20 15:37:57.413394
<==        Row: 13, 5, Perm_System_Menu_Add, F, System:Menu:Add, null, 99, null, null, null, System:Menu:Add, 0, 0, 0, null, null, 0, 2026-08-20 15:37:57.413917
<==        Row: 14, 5, Perm_System_Menu_Edit, F, System:Menu:Edit, null, 99, null, null, null, System:Menu:Edit, 0, 0, 0, null, null, 0, 2026-08-20 15:37:57.414432
<==        Row: 15, 5, Perm_System_Menu_Delete, F, System:Menu:Delete, null, 99, null, null, null, System:Menu:Delete, 0, 0, 0, null, null, 0, 2026-08-20 15:37:57.414952
<==        Row: 16, 0, Wsm, M, ø‚¥Êπ‹¿Ì, ic:baseline-inventory-2, 8000, /wsm, null, /wsm/store, null, 0, 0, 0, null, null, 0, 2026-08-20 15:37:57.415456
<==        Row: 17, 16, WsmStore, C, ø‚¥Ê, ic:baseline-inventory, 1, /wsm/store, /wsm/store/index, null, null, 0, 0, 0, super,admin, null, 0, 2026-08-20 15:37:57.416463
<==      Total: 17
Releasing transactional SqlSession [org.apache.ibatis.session.defaults.DefaultSqlSession@35dcd032]
Fetched SqlSession [org.apache.ibatis.session.defaults.DefaultSqlSession@35dcd032] from current transaction
==>  Preparing: INSERT INTO sys_role_menu ( role_id, menu_id ) VALUES ( ?, ? )
==> Parameters: 1(Long), 1(Long)
<==    Updates: 1
Releasing transactional SqlSession [org.apache.ibatis.session.defaults.DefaultSqlSession@35dcd032]
Fetched SqlSession [org.apache.ibatis.session.defaults.DefaultSqlSession@35dcd032] from current transaction
==>  Preparing: INSERT INTO sys_role_menu ( role_id, menu_id ) VALUES ( ?, ? )
==> Parameters: 2(Long), 1(Long)
<==    Updates: 1
Releasing transactional SqlSession [org.apache.ibatis.session.defaults.DefaultSqlSession@35dcd032]
Fetched SqlSession [org.apache.ibatis.session.defaults.DefaultSqlSession@35dcd032] from current transaction
==>  Preparing: INSERT INTO sys_role_menu ( role_id, menu_id ) VALUES ( ?, ? )
==> Parameters: 3(Long), 1(Long)
<==    Updates: 1
Releasing transactional SqlSession [org.apache.ibatis.session.defaults.DefaultSqlSession@35dcd032]
Fetched SqlSession [org.apache.ibatis.session.defaults.DefaultSqlSession@35dcd032] from current transaction
==>  Preparing: INSERT INTO sys_role_menu ( role_id, menu_id ) VALUES ( ?, ? )
==> Parameters: 1(Long), 2(Long)
<==    Updates: 1
Releasing transactional SqlSession [org.apache.ibatis.session.defaults.DefaultSqlSession@35dcd032]
Fetched SqlSession [org.apache.ibatis.session.defaults.DefaultSqlSession@35dcd032] from current transaction
==>  Preparing: INSERT INTO sys_role_menu ( role_id, menu_id ) VALUES ( ?, ? )
==> Parameters: 2(Long), 2(Long)
<==    Updates: 1
Releasing transactional SqlSession [org.apache.ibatis.session.defaults.DefaultSqlSession@35dcd032]
Fetched SqlSession [org.apache.ibatis.session.defaults.DefaultSqlSession@35dcd032] from current transaction
==>  Preparing: INSERT INTO sys_role_menu ( role_id, menu_id ) VALUES ( ?, ? )
==> Parameters: 3(Long), 2(Long)
<==    Updates: 1
Releasing transactional SqlSession [org.apache.ibatis.session.defaults.DefaultSqlSession@35dcd032]
Fetched SqlSession [org.apache.ibatis.session.defaults.DefaultSqlSession@35dcd032] from current transaction
==>  Preparing: INSERT INTO sys_role_menu ( role_id, menu_id ) VALUES ( ?, ? )
==> Parameters: 1(Long), 3(Long)
<==    Updates: 1
Releasing transactional SqlSession [org.apache.ibatis.session.defaults.DefaultSqlSession@35dcd032]
Fetched SqlSession [org.apache.ibatis.session.defaults.DefaultSqlSession@35dcd032] from current transaction
==>  Preparing: INSERT INTO sys_role_menu ( role_id, menu_id ) VALUES ( ?, ? )
==> Parameters: 2(Long), 3(Long)
<==    Updates: 1
Releasing transactional SqlSession [org.apache.ibatis.session.defaults.DefaultSqlSession@35dcd032]
Fetched SqlSession [org.apache.ibatis.session.defaults.DefaultSqlSession@35dcd032] from current transaction
==>  Preparing: INSERT INTO sys_role_menu ( role_id, menu_id ) VALUES ( ?, ? )
==> Parameters: 3(Long), 3(Long)
<==    Updates: 1
Releasing transactional SqlSession [org.apache.ibatis.session.defaults.DefaultSqlSession@35dcd032]
Fetched SqlSession [org.apache.ibatis.session.defaults.DefaultSqlSession@35dcd032] from current transaction
==>  Preparing: INSERT INTO sys_role_menu ( role_id, menu_id ) VALUES ( ?, ? )
==> Parameters: 1(Long), 4(Long)
<==    Updates: 1
Releasing transactional SqlSession [org.apache.ibatis.session.defaults.DefaultSqlSession@35dcd032]
Fetched SqlSession [org.apache.ibatis.session.defaults.DefaultSqlSession@35dcd032] from current transaction
==>  Preparing: INSERT INTO sys_role_menu ( role_id, menu_id ) VALUES ( ?, ? )
==> Parameters: 2(Long), 4(Long)
<==    Updates: 1
Releasing transactional SqlSession [org.apache.ibatis.session.defaults.DefaultSqlSession@35dcd032]
Fetched SqlSession [org.apache.ibatis.session.defaults.DefaultSqlSession@35dcd032] from current transaction
==>  Preparing: INSERT INTO sys_role_menu ( role_id, menu_id ) VALUES ( ?, ? )
==> Parameters: 1(Long), 5(Long)
<==    Updates: 1
Releasing transactional SqlSession [org.apache.ibatis.session.defaults.DefaultSqlSession@35dcd032]
Fetched SqlSession [org.apache.ibatis.session.defaults.DefaultSqlSession@35dcd032] from current transaction
==>  Preparing: INSERT INTO sys_role_menu ( role_id, menu_id ) VALUES ( ?, ? )
==> Parameters: 2(Long), 5(Long)
<==    Updates: 1
Releasing transactional SqlSession [org.apache.ibatis.session.defaults.DefaultSqlSession@35dcd032]
Fetched SqlSession [org.apache.ibatis.session.defaults.DefaultSqlSession@35dcd032] from current transaction
==>  Preparing: INSERT INTO sys_role_menu ( role_id, menu_id ) VALUES ( ?, ? )
==> Parameters: 1(Long), 6(Long)
<==    Updates: 1
Releasing transactional SqlSession [org.apache.ibatis.session.defaults.DefaultSqlSession@35dcd032]
Fetched SqlSession [org.apache.ibatis.session.defaults.DefaultSqlSession@35dcd032] from current transaction
==>  Preparing: INSERT INTO sys_role_menu ( role_id, menu_id ) VALUES ( ?, ? )
==> Parameters: 2(Long), 6(Long)
<==    Updates: 1
Releasing transactional SqlSession [org.apache.ibatis.session.defaults.DefaultSqlSession@35dcd032]
Fetched SqlSession [org.apache.ibatis.session.defaults.DefaultSqlSession@35dcd032] from current transaction
==>  Preparing: INSERT INTO sys_role_menu ( role_id, menu_id ) VALUES ( ?, ? )
==> Parameters: 1(Long), 7(Long)
<==    Updates: 1
Releasing transactional SqlSession [org.apache.ibatis.session.defaults.DefaultSqlSession@35dcd032]
Fetched SqlSession [org.apache.ibatis.session.defaults.DefaultSqlSession@35dcd032] from current transaction
==>  Preparing: INSERT INTO sys_role_menu ( role_id, menu_id ) VALUES ( ?, ? )
==> Parameters: 2(Long), 7(Long)
<==    Updates: 1
Releasing transactional SqlSession [org.apache.ibatis.session.defaults.DefaultSqlSession@35dcd032]
Fetched SqlSession [org.apache.ibatis.session.defaults.DefaultSqlSession@35dcd032] from current transaction
==>  Preparing: INSERT INTO sys_role_menu ( role_id, menu_id ) VALUES ( ?, ? )
==> Parameters: 1(Long), 8(Long)
<==    Updates: 1
Releasing transactional SqlSession [org.apache.ibatis.session.defaults.DefaultSqlSession@35dcd032]
Fetched SqlSession [org.apache.ibatis.session.defaults.DefaultSqlSession@35dcd032] from current transaction
==>  Preparing: INSERT INTO sys_role_menu ( role_id, menu_id ) VALUES ( ?, ? )
==> Parameters: 2(Long), 8(Long)
<==    Updates: 1
Releasing transactional SqlSession [org.apache.ibatis.session.defaults.DefaultSqlSession@35dcd032]
Fetched SqlSession [org.apache.ibatis.session.defaults.DefaultSqlSession@35dcd032] from current transaction
==>  Preparing: INSERT INTO sys_role_menu ( role_id, menu_id ) VALUES ( ?, ? )
==> Parameters: 1(Long), 9(Long)
<==    Updates: 1
Releasing transactional SqlSession [org.apache.ibatis.session.defaults.DefaultSqlSession@35dcd032]
Fetched SqlSession [org.apache.ibatis.session.defaults.DefaultSqlSession@35dcd032] from current transaction
==>  Preparing: INSERT INTO sys_role_menu ( role_id, menu_id ) VALUES ( ?, ? )
==> Parameters: 2(Long), 9(Long)
<==    Updates: 1
Releasing transactional SqlSession [org.apache.ibatis.session.defaults.DefaultSqlSession@35dcd032]
Fetched SqlSession [org.apache.ibatis.session.defaults.DefaultSqlSession@35dcd032] from current transaction
==>  Preparing: INSERT INTO sys_role_menu ( role_id, menu_id ) VALUES ( ?, ? )
==> Parameters: 1(Long), 10(Long)
<==    Updates: 1
Releasing transactional SqlSession [org.apache.ibatis.session.defaults.DefaultSqlSession@35dcd032]
Fetched SqlSession [org.apache.ibatis.session.defaults.DefaultSqlSession@35dcd032] from current transaction
==>  Preparing: INSERT INTO sys_role_menu ( role_id, menu_id ) VALUES ( ?, ? )
==> Parameters: 2(Long), 10(Long)
<==    Updates: 1
Releasing transactional SqlSession [org.apache.ibatis.session.defaults.DefaultSqlSession@35dcd032]
Fetched SqlSession [org.apache.ibatis.session.defaults.DefaultSqlSession@35dcd032] from current transaction
==>  Preparing: INSERT INTO sys_role_menu ( role_id, menu_id ) VALUES ( ?, ? )
==> Parameters: 1(Long), 11(Long)
<==    Updates: 1
Releasing transactional SqlSession [org.apache.ibatis.session.defaults.DefaultSqlSession@35dcd032]
Fetched SqlSession [org.apache.ibatis.session.defaults.DefaultSqlSession@35dcd032] from current transaction
==>  Preparing: INSERT INTO sys_role_menu ( role_id, menu_id ) VALUES ( ?, ? )
==> Parameters: 2(Long), 11(Long)
<==    Updates: 1
Releasing transactional SqlSession [org.apache.ibatis.session.defaults.DefaultSqlSession@35dcd032]
Fetched SqlSession [org.apache.ibatis.session.defaults.DefaultSqlSession@35dcd032] from current transaction
==>  Preparing: INSERT INTO sys_role_menu ( role_id, menu_id ) VALUES ( ?, ? )
==> Parameters: 1(Long), 12(Long)
<==    Updates: 1
Releasing transactional SqlSession [org.apache.ibatis.session.defaults.DefaultSqlSession@35dcd032]
Fetched SqlSession [org.apache.ibatis.session.defaults.DefaultSqlSession@35dcd032] from current transaction
==>  Preparing: INSERT INTO sys_role_menu ( role_id, menu_id ) VALUES ( ?, ? )
==> Parameters: 2(Long), 12(Long)
<==    Updates: 1
Releasing transactional SqlSession [org.apache.ibatis.session.defaults.DefaultSqlSession@35dcd032]
Fetched SqlSession [org.apache.ibatis.session.defaults.DefaultSqlSession@35dcd032] from current transaction
==>  Preparing: INSERT INTO sys_role_menu ( role_id, menu_id ) VALUES ( ?, ? )
==> Parameters: 1(Long), 13(Long)
<==    Updates: 1
Releasing transactional SqlSession [org.apache.ibatis.session.defaults.DefaultSqlSession@35dcd032]
Fetched SqlSession [org.apache.ibatis.session.defaults.DefaultSqlSession@35dcd032] from current transaction
==>  Preparing: INSERT INTO sys_role_menu ( role_id, menu_id ) VALUES ( ?, ? )
==> Parameters: 2(Long), 13(Long)
<==    Updates: 1
Releasing transactional SqlSession [org.apache.ibatis.session.defaults.DefaultSqlSession@35dcd032]
Fetched SqlSession [org.apache.ibatis.session.defaults.DefaultSqlSession@35dcd032] from current transaction
==>  Preparing: INSERT INTO sys_role_menu ( role_id, menu_id ) VALUES ( ?, ? )
==> Parameters: 1(Long), 14(Long)
<==    Updates: 1
Releasing transactional SqlSession [org.apache.ibatis.session.defaults.DefaultSqlSession@35dcd032]
Fetched SqlSession [org.apache.ibatis.session.defaults.DefaultSqlSession@35dcd032] from current transaction
==>  Preparing: INSERT INTO sys_role_menu ( role_id, menu_id ) VALUES ( ?, ? )
==> Parameters: 2(Long), 14(Long)
<==    Updates: 1
Releasing transactional SqlSession [org.apache.ibatis.session.defaults.DefaultSqlSession@35dcd032]
Fetched SqlSession [org.apache.ibatis.session.defaults.DefaultSqlSession@35dcd032] from current transaction
==>  Preparing: INSERT INTO sys_role_menu ( role_id, menu_id ) VALUES ( ?, ? )
==> Parameters: 1(Long), 15(Long)
<==    Updates: 1
Releasing transactional SqlSession [org.apache.ibatis.session.defaults.DefaultSqlSession@35dcd032]
Fetched SqlSession [org.apache.ibatis.session.defaults.DefaultSqlSession@35dcd032] from current transaction
==>  Preparing: INSERT INTO sys_role_menu ( role_id, menu_id ) VALUES ( ?, ? )
==> Parameters: 2(Long), 15(Long)
<==    Updates: 1
Releasing transactional SqlSession [org.apache.ibatis.session.defaults.DefaultSqlSession@35dcd032]
Fetched SqlSession [org.apache.ibatis.session.defaults.DefaultSqlSession@35dcd032] from current transaction
==>  Preparing: INSERT INTO sys_role_menu ( role_id, menu_id ) VALUES ( ?, ? )
==> Parameters: 1(Long), 16(Long)
<==    Updates: 1
Releasing transactional SqlSession [org.apache.ibatis.session.defaults.DefaultSqlSession@35dcd032]
Fetched SqlSession [org.apache.ibatis.session.defaults.DefaultSqlSession@35dcd032] from current transaction
==>  Preparing: INSERT INTO sys_role_menu ( role_id, menu_id ) VALUES ( ?, ? )
==> Parameters: 2(Long), 16(Long)
<==    Updates: 1
Releasing transactional SqlSession [org.apache.ibatis.session.defaults.DefaultSqlSession@35dcd032]
Fetched SqlSession [org.apache.ibatis.session.defaults.DefaultSqlSession@35dcd032] from current transaction
==>  Preparing: INSERT INTO sys_role_menu ( role_id, menu_id ) VALUES ( ?, ? )
==> Parameters: 1(Long), 17(Long)
<==    Updates: 1
Releasing transactional SqlSession [org.apache.ibatis.session.defaults.DefaultSqlSession@35dcd032]
Fetched SqlSession [org.apache.ibatis.session.defaults.DefaultSqlSession@35dcd032] from current transaction
==>  Preparing: INSERT INTO sys_role_menu ( role_id, menu_id ) VALUES ( ?, ? )
==> Parameters: 2(Long), 17(Long)
<==    Updates: 1
Releasing transactional SqlSession [org.apache.ibatis.session.defaults.DefaultSqlSession@35dcd032]
2026-08-20T15:37:57.657+08:00  INFO 26176 --- [vben-service] [           main] c.vben.service.bootstrap.DatabaseSeeder  : ÁßçÂ≠êÊï∞ÊçÆÂàùÂßãÂåñÂÆåÊàê„ÄÇË¥¶Âè∑Ôºövben/123456(super)„ÄÅadmin/123456(admin)„ÄÅjack/123456(user)
Transaction synchronization committing SqlSession [org.apache.ibatis.session.defaults.DefaultSqlSession@35dcd032]
Transaction synchronization deregistering SqlSession [org.apache.ibatis.session.defaults.DefaultSqlSession@35dcd032]
Transaction synchronization closing SqlSession [org.apache.ibatis.session.defaults.DefaultSqlSession@35dcd032]
2026-08-20T15:38:16.121+08:00  INFO 26176 --- [vben-service] [nio-8080-exec-1] o.a.c.c.C.[Tomcat].[localhost].[/api]    : Initializing Spring DispatcherServlet 'dispatcherServlet'
2026-08-20T15:38:16.122+08:00  INFO 26176 --- [vben-service] [nio-8080-exec-1] o.s.web.servlet.DispatcherServlet        : Initializing Servlet 'dispatcherServlet'
2026-08-20T15:38:16.123+08:00  INFO 26176 --- [vben-service] [nio-8080-exec-1] o.s.web.servlet.DispatcherServlet        : Completed initialization in 1 ms
Creating a new SqlSession
Creating a new SqlSession
SqlSession [org.apache.ibatis.session.defaults.DefaultSqlSession@5ef6980c] was not registered for synchronization because synchronization is not active
SqlSession [org.apache.ibatis.session.defaults.DefaultSqlSession@797d4d3a] was not registered for synchronization because synchronization is not active
JDBC Connection [HikariProxyConnection@2130298321 wrapping conn0: url=jdbc:h2:mem:vben user=SA] will not be managed by Spring
==>  Preparing: SELECT id,username,password,nickname,home_path,status,create_time,update_time FROM sys_user WHERE id=?
JDBC Connection [HikariProxyConnection@716611254 wrapping conn1: url=jdbc:h2:mem:vben user=SA] will not be managed by Spring
==>  Preparing: SELECT id,username,password,nickname,home_path,status,create_time,update_time FROM sys_user WHERE id=?
==> Parameters: 1(Long)
==> Parameters: 2(Long)
<==    Columns: id, username, password, nickname, home_path, status, create_time, update_time
<==    Columns: id, username, password, nickname, home_path, status, create_time, update_time
<==        Row: 1, vben, $2a$10$uDDG/ebHjkdNHuwE/DCW/.vkwS7R.TU4SJPTAg8deux0yQzzGHV/., Vben, null, 0, 2026-08-20 15:37:57.48917, 2026-08-20 15:37:57.48917
<==        Row: 2, admin, $2a$10$kTseNu/UofmbDAClk3on2ezHh07odCt3lByC4DgFB4C4fnygvNs3u, Admin, /workspace, 0, 2026-08-20 15:37:57.560174, 2026-08-20 15:37:57.560174
<==      Total: 1
<==      Total: 1
Closing non transactional SqlSession [org.apache.ibatis.session.defaults.DefaultSqlSession@797d4d3a]
Closing non transactional SqlSession [org.apache.ibatis.session.defaults.DefaultSqlSession@5ef6980c]
Creating a new SqlSession
Creating a new SqlSession
SqlSession [org.apache.ibatis.session.defaults.DefaultSqlSession@3b0bff57] was not registered for synchronization because synchronization is not active
SqlSession [org.apache.ibatis.session.defaults.DefaultSqlSession@566c6208] was not registered for synchronization because synchronization is not active
JDBC Connection [HikariProxyConnection@1783233200 wrapping conn0: url=jdbc:h2:mem:vben user=SA] will not be managed by Spring
==>  Preparing: SELECT r.role_key FROM sys_role r JOIN sys_user_role ur ON ur.role_id = r.id WHERE ur.user_id = ? AND r.status = 0
JDBC Connection [HikariProxyConnection@795602670 wrapping conn1: url=jdbc:h2:mem:vben user=SA] will not be managed by Spring
==>  Preparing: SELECT r.role_key FROM sys_role r JOIN sys_user_role ur ON ur.role_id = r.id WHERE ur.user_id = ? AND r.status = 0
==> Parameters: 2(Long)
==> Parameters: 1(Long)
<==    Columns: role_key
<==        Row: super
<==    Columns: role_key
<==        Row: admin
<==      Total: 1
<==      Total: 1
Closing non transactional SqlSession [org.apache.ibatis.session.defaults.DefaultSqlSession@3b0bff57]
Closing non transactional SqlSession [org.apache.ibatis.session.defaults.DefaultSqlSession@566c6208]
Creating a new SqlSession
Creating a new SqlSession
SqlSession [org.apache.ibatis.session.defaults.DefaultSqlSession@1fb764d8] was not registered for synchronization because synchronization is not active
SqlSession [org.apache.ibatis.session.defaults.DefaultSqlSession@66e6835c] was not registered for synchronization because synchronization is not active
JDBC Connection [HikariProxyConnection@700079597 wrapping conn1: url=jdbc:h2:mem:vben user=SA] will not be managed by Spring
JDBC Connection [HikariProxyConnection@1085959821 wrapping conn0: url=jdbc:h2:mem:vben user=SA] will not be managed by Spring
==>  Preparing: SELECT DISTINCT m.* FROM sys_menu m JOIN sys_role_menu rm ON rm.menu_id = m.id JOIN sys_user_role ur ON ur.role_id = rm.role_id JOIN sys_role r ON r.id = ur.role_id WHERE ur.user_id = ? AND m.status = 0 AND r.status = 0 ORDER BY m.parent_id, m.order_num
==>  Preparing: SELECT DISTINCT m.* FROM sys_menu m JOIN sys_role_menu rm ON rm.menu_id = m.id JOIN sys_user_role ur ON ur.role_id = rm.role_id JOIN sys_role r ON r.id = ur.role_id WHERE ur.user_id = ? AND m.status = 0 AND r.status = 0 ORDER BY m.parent_id, m.order_num
==> Parameters: 1(Long)
==> Parameters: 2(Long)
<==    Columns: id, parent_id, menu_name, menu_type, title, icon, order_num, path, component, redirect, perm, visible, keep_alive, affix_tab, authority, extra_meta, status, create_time
<==    Columns: id, parent_id, menu_name, menu_type, title, icon, order_num, path, component, redirect, perm, visible, keep_alive, affix_tab, authority, extra_meta, status, create_time
<==        Row: 1, 0, Dashboard, M, page.dashboard.title, null, -1, /dashboard, null, /analytics, null, 0, 0, 0, null, null, 0, 2026-08-20 15:37:57.403075
<==        Row: 1, 0, Dashboard, M, page.dashboard.title, null, -1, /dashboard, null, /analytics, null, 0, 0, 0, null, null, 0, 2026-08-20 15:37:57.403075
<==        Row: 4, 0, Perm_System_User_List, F, System:User:List, null, 99, null, null, null, System:User:List, 0, 0, 0, null, null, 0, 2026-08-20 15:37:57.407063
<==        Row: 4, 0, Perm_System_User_List, F, System:User:List, null, 99, null, null, null, System:User:List, 0, 0, 0, null, null, 0, 2026-08-20 15:37:57.407063
<==        Row: 16, 0, Wsm, M, ø‚¥Êπ‹¿Ì, ic:baseline-inventory-2, 8000, /wsm, null, /wsm/store, null, 0, 0, 0, null, null, 0, 2026-08-20 15:37:57.415456
<==        Row: 16, 0, Wsm, M, ø‚¥Êπ‹¿Ì, ic:baseline-inventory-2, 8000, /wsm, null, /wsm/store, null, 0, 0, 0, null, null, 0, 2026-08-20 15:37:57.415456
<==        Row: 5, 0, System, M, œµÕ≥π‹¿Ì, ic:baseline-settings, 9000, /system, null, /system/user, null, 0, 0, 0, null, null, 0, 2026-08-20 15:37:57.408113
<==        Row: 2, 1, Analytics, C, page.dashboard.analytics, null, 1, /analytics, /dashboard/analytics/index, null, null, 0, 0, 1, null, null, 0, 2026-08-20 15:37:57.404972
<==        Row: 5, 0, System, M, œµÕ≥π‹¿Ì, ic:baseline-settings, 9000, /system, null, /system/user, null, 0, 0, 0, null, null, 0, 2026-08-20 15:37:57.408113
<==        Row: 3, 1, Workspace, C, page.dashboard.workspace, null, 2, /workspace, /dashboard/workspace/index, null, null, 0, 0, 0, null, null, 0, 2026-08-20 15:37:57.406022
<==        Row: 6, 5, SystemUser, C, ”√ªßπ‹¿Ì, ant-design:user-outlined, 1, /system/user, /system/user/index, null, null, 0, 0, 0, super,admin, null, 0, 2026-08-20 15:37:57.409152
<==        Row: 7, 5, SystemRole, C, Ω«…´π‹¿Ì, ant-design:user-switch-outlined, 2, /system/role, /system/role/index, null, null, 0, 0, 0, super,admin, null, 0, 2026-08-20 15:37:57.409672
<==        Row: 2, 1, Analytics, C, page.dashboard.analytics, null, 1, /analytics, /dashboard/analytics/index, null, null, 0, 0, 1, null, null, 0, 2026-08-20 15:37:57.404972
<==        Row: 3, 1, Workspace, C, page.dashboard.workspace, null, 2, /workspace, /dashboard/workspace/index, null, null, 0, 0, 0, null, null, 0, 2026-08-20 15:37:57.406022
<==        Row: 8, 5, SystemMenu, C, ≤Àµ•π‹¿Ì, ant-design:menu-outlined, 3, /system/menu, /system/menu/index, null, null, 0, 0, 0, super,admin, null, 0, 2026-08-20 15:37:57.410709
<==        Row: 6, 5, SystemUser, C, ”√ªßπ‹¿Ì, ant-design:user-outlined, 1, /system/user, /system/user/index, null, null, 0, 0, 0, super,admin, null, 0, 2026-08-20 15:37:57.409152
<==        Row: 9, 5, Perm_System_Role_Add, F, System:Role:Add, null, 99, null, null, null, System:Role:Add, 0, 0, 0, null, null, 0, 2026-08-20 15:37:57.411229
<==        Row: 7, 5, SystemRole, C, Ω«…´π‹¿Ì, ant-design:user-switch-outlined, 2, /system/role, /system/role/index, null, null, 0, 0, 0, super,admin, null, 0, 2026-08-20 15:37:57.409672
<==        Row: 10, 5, Perm_System_Role_Edit, F, System:Role:Edit, null, 99, null, null, null, System:Role:Edit, 0, 0, 0, null, null, 0, 2026-08-20 15:37:57.411757
<==        Row: 8, 5, SystemMenu, C, ≤Àµ•π‹¿Ì, ant-design:menu-outlined, 3, /system/menu, /system/menu/index, null, null, 0, 0, 0, super,admin, null, 0, 2026-08-20 15:37:57.410709
<==        Row: 11, 5, Perm_System_Role_Delete, F, System:Role:Delete, null, 99, null, null, null, System:Role:Delete, 0, 0, 0, null, null, 0, 2026-08-20 15:37:57.412802
<==        Row: 12, 5, Perm_System_Role_Auth, F, System:Role:Auth, null, 99, null, null, null, System:Role:Auth, 0, 0, 0, null, null, 0, 2026-08-20 15:37:57.413394
<==        Row: 9, 5, Perm_System_Role_Add, F, System:Role:Add, null, 99, null, null, null, System:Role:Add, 0, 0, 0, null, null, 0, 2026-08-20 15:37:57.411229
<==        Row: 13, 5, Perm_System_Menu_Add, F, System:Menu:Add, null, 99, null, null, null, System:Menu:Add, 0, 0, 0, null, null, 0, 2026-08-20 15:37:57.413917
<==        Row: 10, 5, Perm_System_Role_Edit, F, System:Role:Edit, null, 99, null, null, null, System:Role:Edit, 0, 0, 0, null, null, 0, 2026-08-20 15:37:57.411757
<==        Row: 14, 5, Perm_System_Menu_Edit, F, System:Menu:Edit, null, 99, null, null, null, System:Menu:Edit, 0, 0, 0, null, null, 0, 2026-08-20 15:37:57.414432
<==        Row: 11, 5, Perm_System_Role_Delete, F, System:Role:Delete, null, 99, null, null, null, System:Role:Delete, 0, 0, 0, null, null, 0, 2026-08-20 15:37:57.412802
<==        Row: 15, 5, Perm_System_Menu_Delete, F, System:Menu:Delete, null, 99, null, null, null, System:Menu:Delete, 0, 0, 0, null, null, 0, 2026-08-20 15:37:57.414952
<==        Row: 12, 5, Perm_System_Role_Auth, F, System:Role:Auth, null, 99, null, null, null, System:Role:Auth, 0, 0, 0, null, null, 0, 2026-08-20 15:37:57.413394
<==        Row: 17, 16, WsmStore, C, ø‚¥Ê, ic:baseline-inventory, 1, /wsm/store, /wsm/store/index, null, null, 0, 0, 0, super,admin, null, 0, 2026-08-20 15:37:57.416463
<==        Row: 13, 5, Perm_System_Menu_Add, F, System:Menu:Add, null, 99, null, null, null, System:Menu:Add, 0, 0, 0, null, null, 0, 2026-08-20 15:37:57.413917
<==      Total: 17
<==        Row: 14, 5, Perm_System_Menu_Edit, F, System:Menu:Edit, null, 99, null, null, null, System:Menu:Edit, 0, 0, 0, null, null, 0, 2026-08-20 15:37:57.414432
Closing non transactional SqlSession [org.apache.ibatis.session.defaults.DefaultSqlSession@66e6835c]
<==        Row: 15, 5, Perm_System_Menu_Delete, F, System:Menu:Delete, null, 99, null, null, null, System:Menu:Delete, 0, 0, 0, null, null, 0, 2026-08-20 15:37:57.414952
<==        Row: 17, 16, WsmStore, C, ø‚¥Ê, ic:baseline-inventory, 1, /wsm/store, /wsm/store/index, null, null, 0, 0, 0, super,admin, null, 0, 2026-08-20 15:37:57.416463
<==      Total: 17
Closing non transactional SqlSession [org.apache.ibatis.session.defaults.DefaultSqlSession@1fb764d8]
Creating a new SqlSession
Creating a new SqlSession
SqlSession [org.apache.ibatis.session.defaults.DefaultSqlSession@4b3c4541] was not registered for synchronization because synchronization is not active
SqlSession [org.apache.ibatis.session.defaults.DefaultSqlSession@10bbde8d] was not registered for synchronization because synchronization is not active
JDBC Connection [HikariProxyConnection@544288026 wrapping conn1: url=jdbc:h2:mem:vben user=SA] will not be managed by Spring
JDBC Connection [HikariProxyConnection@2106604556 wrapping conn0: url=jdbc:h2:mem:vben user=SA] will not be managed by Spring
==>  Preparing: SELECT id,username,password,nickname,home_path,status,create_time,update_time FROM sys_user WHERE id=?
==>  Preparing: SELECT id,username,password,nickname,home_path,status,create_time,update_time FROM sys_user WHERE id=?
==> Parameters: 1(Long)
==> Parameters: 2(Long)
<==    Columns: id, username, password, nickname, home_path, status, create_time, update_time
<==    Columns: id, username, password, nickname, home_path, status, create_time, update_time
<==        Row: 2, admin, $2a$10$kTseNu/UofmbDAClk3on2ezHh07odCt3lByC4DgFB4C4fnygvNs3u, Admin, /workspace, 0, 2026-08-20 15:37:57.560174, 2026-08-20 15:37:57.560174
<==        Row: 1, vben, $2a$10$uDDG/ebHjkdNHuwE/DCW/.vkwS7R.TU4SJPTAg8deux0yQzzGHV/., Vben, null, 0, 2026-08-20 15:37:57.48917, 2026-08-20 15:37:57.48917
<==      Total: 1
<==      Total: 1
Closing non transactional SqlSession [org.apache.ibatis.session.defaults.DefaultSqlSession@10bbde8d]
Closing non transactional SqlSession [org.apache.ibatis.session.defaults.DefaultSqlSession@4b3c4541]
Creating a new SqlSession
SqlSession [org.apache.ibatis.session.defaults.DefaultSqlSession@3c018d9f] was not registered for synchronization because synchronization is not active
JDBC Connection [HikariProxyConnection@851866735 wrapping conn0: url=jdbc:h2:mem:vben user=SA] will not be managed by Spring
==>  Preparing: SELECT id,username,password,nickname,home_path,status,create_time,update_time FROM sys_user WHERE id=?
==> Parameters: 2(Long)
<==    Columns: id, username, password, nickname, home_path, status, create_time, update_time
<==        Row: 2, admin, $2a$10$kTseNu/UofmbDAClk3on2ezHh07odCt3lByC4DgFB4C4fnygvNs3u, Admin, /workspace, 0, 2026-08-20 15:37:57.560174, 2026-08-20 15:37:57.560174
<==      Total: 1
Closing non transactional SqlSession [org.apache.ibatis.session.defaults.DefaultSqlSession@3c018d9f]
Creating a new SqlSession
SqlSession [org.apache.ibatis.session.defaults.DefaultSqlSession@36f9e6ef] was not registered for synchronization because synchronization is not active
JDBC Connection [HikariProxyConnection@1945861716 wrapping conn0: url=jdbc:h2:mem:vben user=SA] will not be managed by Spring
==>  Preparing: SELECT r.role_key FROM sys_role r JOIN sys_user_role ur ON ur.role_id = r.id WHERE ur.user_id = ? AND r.status = 0
==> Parameters: 2(Long)
<==    Columns: role_key
<==        Row: admin
<==      Total: 1
Closing non transactional SqlSession [org.apache.ibatis.session.defaults.DefaultSqlSession@36f9e6ef]
Creating a new SqlSession
SqlSession [org.apache.ibatis.session.defaults.DefaultSqlSession@43a678c1] was not registered for synchronization because synchronization is not active
JDBC Connection [HikariProxyConnection@1111624150 wrapping conn0: url=jdbc:h2:mem:vben user=SA] will not be managed by Spring
==>  Preparing: SELECT DISTINCT m.* FROM sys_menu m JOIN sys_role_menu rm ON rm.menu_id = m.id JOIN sys_user_role ur ON ur.role_id = rm.role_id JOIN sys_role r ON r.id = ur.role_id WHERE ur.user_id = ? AND m.status = 0 AND r.status = 0 ORDER BY m.parent_id, m.order_num
==> Parameters: 2(Long)
<==    Columns: id, parent_id, menu_name, menu_type, title, icon, order_num, path, component, redirect, perm, visible, keep_alive, affix_tab, authority, extra_meta, status, create_time
<==        Row: 1, 0, Dashboard, M, page.dashboard.title, null, -1, /dashboard, null, /analytics, null, 0, 0, 0, null, null, 0, 2026-08-20 15:37:57.403075
<==        Row: 4, 0, Perm_System_User_List, F, System:User:List, null, 99, null, null, null, System:User:List, 0, 0, 0, null, null, 0, 2026-08-20 15:37:57.407063
<==        Row: 16, 0, Wsm, M, ø‚¥Êπ‹¿Ì, ic:baseline-inventory-2, 8000, /wsm, null, /wsm/store, null, 0, 0, 0, null, null, 0, 2026-08-20 15:37:57.415456
<==        Row: 5, 0, System, M, œµÕ≥π‹¿Ì, ic:baseline-settings, 9000, /system, null, /system/user, null, 0, 0, 0, null, null, 0, 2026-08-20 15:37:57.408113
<==        Row: 2, 1, Analytics, C, page.dashboard.analytics, null, 1, /analytics, /dashboard/analytics/index, null, null, 0, 0, 1, null, null, 0, 2026-08-20 15:37:57.404972
<==        Row: 3, 1, Workspace, C, page.dashboard.workspace, null, 2, /workspace, /dashboard/workspace/index, null, null, 0, 0, 0, null, null, 0, 2026-08-20 15:37:57.406022
<==        Row: 6, 5, SystemUser, C, ”√ªßπ‹¿Ì, ant-design:user-outlined, 1, /system/user, /system/user/index, null, null, 0, 0, 0, super,admin, null, 0, 2026-08-20 15:37:57.409152
<==        Row: 7, 5, SystemRole, C, Ω«…´π‹¿Ì, ant-design:user-switch-outlined, 2, /system/role, /system/role/index, null, null, 0, 0, 0, super,admin, null, 0, 2026-08-20 15:37:57.409672
<==        Row: 8, 5, SystemMenu, C, ≤Àµ•π‹¿Ì, ant-design:menu-outlined, 3, /system/menu, /system/menu/index, null, null, 0, 0, 0, super,admin, null, 0, 2026-08-20 15:37:57.410709
<==        Row: 9, 5, Perm_System_Role_Add, F, System:Role:Add, null, 99, null, null, null, System:Role:Add, 0, 0, 0, null, null, 0, 2026-08-20 15:37:57.411229
<==        Row: 10, 5, Perm_System_Role_Edit, F, System:Role:Edit, null, 99, null, null, null, System:Role:Edit, 0, 0, 0, null, null, 0, 2026-08-20 15:37:57.411757
<==        Row: 11, 5, Perm_System_Role_Delete, F, System:Role:Delete, null, 99, null, null, null, System:Role:Delete, 0, 0, 0, null, null, 0, 2026-08-20 15:37:57.412802
<==        Row: 12, 5, Perm_System_Role_Auth, F, System:Role:Auth, null, 99, null, null, null, System:Role:Auth, 0, 0, 0, null, null, 0, 2026-08-20 15:37:57.413394
<==        Row: 13, 5, Perm_System_Menu_Add, F, System:Menu:Add, null, 99, null, null, null, System:Menu:Add, 0, 0, 0, null, null, 0, 2026-08-20 15:37:57.413917
<==        Row: 14, 5, Perm_System_Menu_Edit, F, System:Menu:Edit, null, 99, null, null, null, System:Menu:Edit, 0, 0, 0, null, null, 0, 2026-08-20 15:37:57.414432
<==        Row: 15, 5, Perm_System_Menu_Delete, F, System:Menu:Delete, null, 99, null, null, null, System:Menu:Delete, 0, 0, 0, null, null, 0, 2026-08-20 15:37:57.414952
<==        Row: 17, 16, WsmStore, C, ø‚¥Ê, ic:baseline-inventory, 1, /wsm/store, /wsm/store/index, null, null, 0, 0, 0, super,admin, null, 0, 2026-08-20 15:37:57.416463
<==      Total: 17
Closing non transactional SqlSession [org.apache.ibatis.session.defaults.DefaultSqlSession@43a678c1]
Creating a new SqlSession
SqlSession [org.apache.ibatis.session.defaults.DefaultSqlSession@13d4811b] was not registered for synchronization because synchronization is not active
JDBC Connection [HikariProxyConnection@1665438672 wrapping conn0: url=jdbc:h2:mem:vben user=SA] will not be managed by Spring
==>  Preparing: SELECT DISTINCT m.* FROM sys_menu m JOIN sys_role_menu rm ON rm.menu_id = m.id JOIN sys_user_role ur ON ur.role_id = rm.role_id JOIN sys_role r ON r.id = ur.role_id WHERE ur.user_id = ? AND m.status = 0 AND r.status = 0 ORDER BY m.parent_id, m.order_num
==> Parameters: 2(Long)
<==    Columns: id, parent_id, menu_name, menu_type, title, icon, order_num, path, component, redirect, perm, visible, keep_alive, affix_tab, authority, extra_meta, status, create_time
<==        Row: 1, 0, Dashboard, M, page.dashboard.title, null, -1, /dashboard, null, /analytics, null, 0, 0, 0, null, null, 0, 2026-08-20 15:37:57.403075
<==        Row: 4, 0, Perm_System_User_List, F, System:User:List, null, 99, null, null, null, System:User:List, 0, 0, 0, null, null, 0, 2026-08-20 15:37:57.407063
<==        Row: 16, 0, Wsm, M, ø‚¥Êπ‹¿Ì, ic:baseline-inventory-2, 8000, /wsm, null, /wsm/store, null, 0, 0, 0, null, null, 0, 2026-08-20 15:37:57.415456
<==        Row: 5, 0, System, M, œµÕ≥π‹¿Ì, ic:baseline-settings, 9000, /system, null, /system/user, null, 0, 0, 0, null, null, 0, 2026-08-20 15:37:57.408113
<==        Row: 2, 1, Analytics, C, page.dashboard.analytics, null, 1, /analytics, /dashboard/analytics/index, null, null, 0, 0, 1, null, null, 0, 2026-08-20 15:37:57.404972
<==        Row: 3, 1, Workspace, C, page.dashboard.workspace, null, 2, /workspace, /dashboard/workspace/index, null, null, 0, 0, 0, null, null, 0, 2026-08-20 15:37:57.406022
<==        Row: 6, 5, SystemUser, C, ”√ªßπ‹¿Ì, ant-design:user-outlined, 1, /system/user, /system/user/index, null, null, 0, 0, 0, super,admin, null, 0, 2026-08-20 15:37:57.409152
<==        Row: 7, 5, SystemRole, C, Ω«…´π‹¿Ì, ant-design:user-switch-outlined, 2, /system/role, /system/role/index, null, null, 0, 0, 0, super,admin, null, 0, 2026-08-20 15:37:57.409672
<==        Row: 8, 5, SystemMenu, C, ≤Àµ•π‹¿Ì, ant-design:menu-outlined, 3, /system/menu, /system/menu/index, null, null, 0, 0, 0, super,admin, null, 0, 2026-08-20 15:37:57.410709
<==        Row: 9, 5, Perm_System_Role_Add, F, System:Role:Add, null, 99, null, null, null, System:Role:Add, 0, 0, 0, null, null, 0, 2026-08-20 15:37:57.411229
<==        Row: 10, 5, Perm_System_Role_Edit, F, System:Role:Edit, null, 99, null, null, null, System:Role:Edit, 0, 0, 0, null, null, 0, 2026-08-20 15:37:57.411757
<==        Row: 11, 5, Perm_System_Role_Delete, F, System:Role:Delete, null, 99, null, null, null, System:Role:Delete, 0, 0, 0, null, null, 0, 2026-08-20 15:37:57.412802
<==        Row: 12, 5, Perm_System_Role_Auth, F, System:Role:Auth, null, 99, null, null, null, System:Role:Auth, 0, 0, 0, null, null, 0, 2026-08-20 15:37:57.413394
<==        Row: 13, 5, Perm_System_Menu_Add, F, System:Menu:Add, null, 99, null, null, null, System:Menu:Add, 0, 0, 0, null, null, 0, 2026-08-20 15:37:57.413917
<==        Row: 14, 5, Perm_System_Menu_Edit, F, System:Menu:Edit, null, 99, null, null, null, System:Menu:Edit, 0, 0, 0, null, null, 0, 2026-08-20 15:37:57.414432
<==        Row: 15, 5, Perm_System_Menu_Delete, F, System:Menu:Delete, null, 99, null, null, null, System:Menu:Delete, 0, 0, 0, null, null, 0, 2026-08-20 15:37:57.414952
<==        Row: 17, 16, WsmStore, C, ø‚¥Ê, ic:baseline-inventory, 1, /wsm/store, /wsm/store/index, null, null, 0, 0, 0, super,admin, null, 0, 2026-08-20 15:37:57.416463
<==      Total: 17
Closing non transactional SqlSession [org.apache.ibatis.session.defaults.DefaultSqlSession@13d4811b]
Creating a new SqlSession
SqlSession [org.apache.ibatis.session.defaults.DefaultSqlSession@369670a6] was not registered for synchronization because synchronization is not active
JDBC Connection [HikariProxyConnection@944871428 wrapping conn0: url=jdbc:h2:mem:vben user=SA] will not be managed by Spring
==>  Preparing: SELECT id,username,password,nickname,home_path,status,create_time,update_time FROM sys_user WHERE id=?
==> Parameters: 1(Long)
<==    Columns: id, username, password, nickname, home_path, status, create_time, update_time
<==        Row: 1, vben, $2a$10$uDDG/ebHjkdNHuwE/DCW/.vkwS7R.TU4SJPTAg8deux0yQzzGHV/., Vben, null, 0, 2026-08-20 15:37:57.48917, 2026-08-20 15:37:57.48917
<==      Total: 1
Closing non transactional SqlSession [org.apache.ibatis.session.defaults.DefaultSqlSession@369670a6]
Creating a new SqlSession
SqlSession [org.apache.ibatis.session.defaults.DefaultSqlSession@3c6e1bd6] was not registered for synchronization because synchronization is not active
JDBC Connection [HikariProxyConnection@2037158463 wrapping conn0: url=jdbc:h2:mem:vben user=SA] will not be managed by Spring
==>  Preparing: SELECT r.role_key FROM sys_role r JOIN sys_user_role ur ON ur.role_id = r.id WHERE ur.user_id = ? AND r.status = 0
==> Parameters: 1(Long)
<==    Columns: role_key
<==        Row: super
<==      Total: 1
Closing non transactional SqlSession [org.apache.ibatis.session.defaults.DefaultSqlSession@3c6e1bd6]
Creating a new SqlSession
SqlSession [org.apache.ibatis.session.defaults.DefaultSqlSession@7c7acef4] was not registered for synchronization because synchronization is not active
JDBC Connection [HikariProxyConnection@1214245063 wrapping conn0: url=jdbc:h2:mem:vben user=SA] will not be managed by Spring
==>  Preparing: SELECT DISTINCT m.* FROM sys_menu m JOIN sys_role_menu rm ON rm.menu_id = m.id JOIN sys_user_role ur ON ur.role_id = rm.role_id JOIN sys_role r ON r.id = ur.role_id WHERE ur.user_id = ? AND m.status = 0 AND r.status = 0 ORDER BY m.parent_id, m.order_num
==> Parameters: 1(Long)
<==    Columns: id, parent_id, menu_name, menu_type, title, icon, order_num, path, component, redirect, perm, visible, keep_alive, affix_tab, authority, extra_meta, status, create_time
<==        Row: 1, 0, Dashboard, M, page.dashboard.title, null, -1, /dashboard, null, /analytics, null, 0, 0, 0, null, null, 0, 2026-08-20 15:37:57.403075
<==        Row: 4, 0, Perm_System_User_List, F, System:User:List, null, 99, null, null, null, System:User:List, 0, 0, 0, null, null, 0, 2026-08-20 15:37:57.407063
<==        Row: 16, 0, Wsm, M, ø‚¥Êπ‹¿Ì, ic:baseline-inventory-2, 8000, /wsm, null, /wsm/store, null, 0, 0, 0, null, null, 0, 2026-08-20 15:37:57.415456
<==        Row: 5, 0, System, M, œµÕ≥π‹¿Ì, ic:baseline-settings, 9000, /system, null, /system/user, null, 0, 0, 0, null, null, 0, 2026-08-20 15:37:57.408113
<==        Row: 2, 1, Analytics, C, page.dashboard.analytics, null, 1, /analytics, /dashboard/analytics/index, null, null, 0, 0, 1, null, null, 0, 2026-08-20 15:37:57.404972
<==        Row: 3, 1, Workspace, C, page.dashboard.workspace, null, 2, /workspace, /dashboard/workspace/index, null, null, 0, 0, 0, null, null, 0, 2026-08-20 15:37:57.406022
<==        Row: 6, 5, SystemUser, C, ”√ªßπ‹¿Ì, ant-design:user-outlined, 1, /system/user, /system/user/index, null, null, 0, 0, 0, super,admin, null, 0, 2026-08-20 15:37:57.409152
<==        Row: 7, 5, SystemRole, C, Ω«…´π‹¿Ì, ant-design:user-switch-outlined, 2, /system/role, /system/role/index, null, null, 0, 0, 0, super,admin, null, 0, 2026-08-20 15:37:57.409672
<==        Row: 8, 5, SystemMenu, C, ≤Àµ•π‹¿Ì, ant-design:menu-outlined, 3, /system/menu, /system/menu/index, null, null, 0, 0, 0, super,admin, null, 0, 2026-08-20 15:37:57.410709
<==        Row: 9, 5, Perm_System_Role_Add, F, System:Role:Add, null, 99, null, null, null, System:Role:Add, 0, 0, 0, null, null, 0, 2026-08-20 15:37:57.411229
<==        Row: 10, 5, Perm_System_Role_Edit, F, System:Role:Edit, null, 99, null, null, null, System:Role:Edit, 0, 0, 0, null, null, 0, 2026-08-20 15:37:57.411757
<==        Row: 11, 5, Perm_System_Role_Delete, F, System:Role:Delete, null, 99, null, null, null, System:Role:Delete, 0, 0, 0, null, null, 0, 2026-08-20 15:37:57.412802
<==        Row: 12, 5, Perm_System_Role_Auth, F, System:Role:Auth, null, 99, null, null, null, System:Role:Auth, 0, 0, 0, null, null, 0, 2026-08-20 15:37:57.413394
<==        Row: 13, 5, Perm_System_Menu_Add, F, System:Menu:Add, null, 99, null, null, null, System:Menu:Add, 0, 0, 0, null, null, 0, 2026-08-20 15:37:57.413917
<==        Row: 14, 5, Perm_System_Menu_Edit, F, System:Menu:Edit, null, 99, null, null, null, System:Menu:Edit, 0, 0, 0, null, null, 0, 2026-08-20 15:37:57.414432
<==        Row: 15, 5, Perm_System_Menu_Delete, F, System:Menu:Delete, null, 99, null, null, null, System:Menu:Delete, 0, 0, 0, null, null, 0, 2026-08-20 15:37:57.414952
<==        Row: 17, 16, WsmStore, C, ø‚¥Ê, ic:baseline-inventory, 1, /wsm/store, /wsm/store/index, null, null, 0, 0, 0, super,admin, null, 0, 2026-08-20 15:37:57.416463
<==      Total: 17
Closing non transactional SqlSession [org.apache.ibatis.session.defaults.DefaultSqlSession@7c7acef4]
Creating a new SqlSession
SqlSession [org.apache.ibatis.session.defaults.DefaultSqlSession@33e41dc2] was not registered for synchronization because synchronization is not active
JDBC Connection [HikariProxyConnection@80401065 wrapping conn0: url=jdbc:h2:mem:vben user=SA] will not be managed by Spring
==>  Preparing: SELECT DISTINCT m.* FROM sys_menu m JOIN sys_role_menu rm ON rm.menu_id = m.id JOIN sys_user_role ur ON ur.role_id = rm.role_id JOIN sys_role r ON r.id = ur.role_id WHERE ur.user_id = ? AND m.status = 0 AND r.status = 0 ORDER BY m.parent_id, m.order_num
==> Parameters: 1(Long)
<==    Columns: id, parent_id, menu_name, menu_type, title, icon, order_num, path, component, redirect, perm, visible, keep_alive, affix_tab, authority, extra_meta, status, create_time
<==        Row: 1, 0, Dashboard, M, page.dashboard.title, null, -1, /dashboard, null, /analytics, null, 0, 0, 0, null, null, 0, 2026-08-20 15:37:57.403075
<==        Row: 4, 0, Perm_System_User_List, F, System:User:List, null, 99, null, null, null, System:User:List, 0, 0, 0, null, null, 0, 2026-08-20 15:37:57.407063
<==        Row: 16, 0, Wsm, M, ø‚¥Êπ‹¿Ì, ic:baseline-inventory-2, 8000, /wsm, null, /wsm/store, null, 0, 0, 0, null, null, 0, 2026-08-20 15:37:57.415456
<==        Row: 5, 0, System, M, œµÕ≥π‹¿Ì, ic:baseline-settings, 9000, /system, null, /system/user, null, 0, 0, 0, null, null, 0, 2026-08-20 15:37:57.408113
<==        Row: 2, 1, Analytics, C, page.dashboard.analytics, null, 1, /analytics, /dashboard/analytics/index, null, null, 0, 0, 1, null, null, 0, 2026-08-20 15:37:57.404972
<==        Row: 3, 1, Workspace, C, page.dashboard.workspace, null, 2, /workspace, /dashboard/workspace/index, null, null, 0, 0, 0, null, null, 0, 2026-08-20 15:37:57.406022
<==        Row: 6, 5, SystemUser, C, ”√ªßπ‹¿Ì, ant-design:user-outlined, 1, /system/user, /system/user/index, null, null, 0, 0, 0, super,admin, null, 0, 2026-08-20 15:37:57.409152
<==        Row: 7, 5, SystemRole, C, Ω«…´π‹¿Ì, ant-design:user-switch-outlined, 2, /system/role, /system/role/index, null, null, 0, 0, 0, super,admin, null, 0, 2026-08-20 15:37:57.409672
<==        Row: 8, 5, SystemMenu, C, ≤Àµ•π‹¿Ì, ant-design:menu-outlined, 3, /system/menu, /system/menu/index, null, null, 0, 0, 0, super,admin, null, 0, 2026-08-20 15:37:57.410709
<==        Row: 9, 5, Perm_System_Role_Add, F, System:Role:Add, null, 99, null, null, null, System:Role:Add, 0, 0, 0, null, null, 0, 2026-08-20 15:37:57.411229
<==        Row: 10, 5, Perm_System_Role_Edit, F, System:Role:Edit, null, 99, null, null, null, System:Role:Edit, 0, 0, 0, null, null, 0, 2026-08-20 15:37:57.411757
<==        Row: 11, 5, Perm_System_Role_Delete, F, System:Role:Delete, null, 99, null, null, null, System:Role:Delete, 0, 0, 0, null, null, 0, 2026-08-20 15:37:57.412802
<==        Row: 12, 5, Perm_System_Role_Auth, F, System:Role:Auth, null, 99, null, null, null, System:Role:Auth, 0, 0, 0, null, null, 0, 2026-08-20 15:37:57.413394
<==        Row: 13, 5, Perm_System_Menu_Add, F, System:Menu:Add, null, 99, null, null, null, System:Menu:Add, 0, 0, 0, null, null, 0, 2026-08-20 15:37:57.413917
<==        Row: 14, 5, Perm_System_Menu_Edit, F, System:Menu:Edit, null, 99, null, null, null, System:Menu:Edit, 0, 0, 0, null, null, 0, 2026-08-20 15:37:57.414432
<==        Row: 15, 5, Perm_System_Menu_Delete, F, System:Menu:Delete, null, 99, null, null, null, System:Menu:Delete, 0, 0, 0, null, null, 0, 2026-08-20 15:37:57.414952
<==        Row: 17, 16, WsmStore, C, ø‚¥Ê, ic:baseline-inventory, 1, /wsm/store, /wsm/store/index, null, null, 0, 0, 0, super,admin, null, 0, 2026-08-20 15:37:57.416463
<==      Total: 17
Closing non transactional SqlSession [org.apache.ibatis.session.defaults.DefaultSqlSession@33e41dc2]
Creating a new SqlSession
SqlSession [org.apache.ibatis.session.defaults.DefaultSqlSession@2d1aa094] was not registered for synchronization because synchronization is not active
JDBC Connection [HikariProxyConnection@601705287 wrapping conn0: url=jdbc:h2:mem:vben user=SA] will not be managed by Spring
==>  Preparing: SELECT id,username,password,nickname,home_path,status,create_time,update_time FROM sys_user WHERE id=?
==> Parameters: 1(Long)
<==    Columns: id, username, password, nickname, home_path, status, create_time, update_time
<==        Row: 1, vben, $2a$10$uDDG/ebHjkdNHuwE/DCW/.vkwS7R.TU4SJPTAg8deux0yQzzGHV/., Vben, null, 0, 2026-08-20 15:37:57.48917, 2026-08-20 15:37:57.48917
<==      Total: 1
Closing non transactional SqlSession [org.apache.ibatis.session.defaults.DefaultSqlSession@2d1aa094]
Creating a new SqlSession
SqlSession [org.apache.ibatis.session.defaults.DefaultSqlSession@27e2cbe4] was not registered for synchronization because synchronization is not active
JDBC Connection [HikariProxyConnection@1658863996 wrapping conn0: url=jdbc:h2:mem:vben user=SA] will not be managed by Spring
==>  Preparing: SELECT r.role_key FROM sys_role r JOIN sys_user_role ur ON ur.role_id = r.id WHERE ur.user_id = ? AND r.status = 0
==> Parameters: 1(Long)
<==    Columns: role_key
<==        Row: super
<==      Total: 1
Closing non transactional SqlSession [org.apache.ibatis.session.defaults.DefaultSqlSession@27e2cbe4]
Creating a new SqlSession
SqlSession [org.apache.ibatis.session.defaults.DefaultSqlSession@1a8653b4] was not registered for synchronization because synchronization is not active
JDBC Connection [HikariProxyConnection@1405658320 wrapping conn0: url=jdbc:h2:mem:vben user=SA] will not be managed by Spring
==>  Preparing: SELECT DISTINCT m.* FROM sys_menu m JOIN sys_role_menu rm ON rm.menu_id = m.id JOIN sys_user_role ur ON ur.role_id = rm.role_id JOIN sys_role r ON r.id = ur.role_id WHERE ur.user_id = ? AND m.status = 0 AND r.status = 0 ORDER BY m.parent_id, m.order_num
==> Parameters: 1(Long)
<==    Columns: id, parent_id, menu_name, menu_type, title, icon, order_num, path, component, redirect, perm, visible, keep_alive, affix_tab, authority, extra_meta, status, create_time
<==        Row: 1, 0, Dashboard, M, page.dashboard.title, null, -1, /dashboard, null, /analytics, null, 0, 0, 0, null, null, 0, 2026-08-20 15:37:57.403075
<==        Row: 4, 0, Perm_System_User_List, F, System:User:List, null, 99, null, null, null, System:User:List, 0, 0, 0, null, null, 0, 2026-08-20 15:37:57.407063
<==        Row: 16, 0, Wsm, M, ø‚¥Êπ‹¿Ì, ic:baseline-inventory-2, 8000, /wsm, null, /wsm/store, null, 0, 0, 0, null, null, 0, 2026-08-20 15:37:57.415456
<==        Row: 5, 0, System, M, œµÕ≥π‹¿Ì, ic:baseline-settings, 9000, /system, null, /system/user, null, 0, 0, 0, null, null, 0, 2026-08-20 15:37:57.408113
<==        Row: 2, 1, Analytics, C, page.dashboard.analytics, null, 1, /analytics, /dashboard/analytics/index, null, null, 0, 0, 1, null, null, 0, 2026-08-20 15:37:57.404972
<==        Row: 3, 1, Workspace, C, page.dashboard.workspace, null, 2, /workspace, /dashboard/workspace/index, null, null, 0, 0, 0, null, null, 0, 2026-08-20 15:37:57.406022
<==        Row: 6, 5, SystemUser, C, ”√ªßπ‹¿Ì, ant-design:user-outlined, 1, /system/user, /system/user/index, null, null, 0, 0, 0, super,admin, null, 0, 2026-08-20 15:37:57.409152
<==        Row: 7, 5, SystemRole, C, Ω«…´π‹¿Ì, ant-design:user-switch-outlined, 2, /system/role, /system/role/index, null, null, 0, 0, 0, super,admin, null, 0, 2026-08-20 15:37:57.409672
<==        Row: 8, 5, SystemMenu, C, ≤Àµ•π‹¿Ì, ant-design:menu-outlined, 3, /system/menu, /system/menu/index, null, null, 0, 0, 0, super,admin, null, 0, 2026-08-20 15:37:57.410709
<==        Row: 9, 5, Perm_System_Role_Add, F, System:Role:Add, null, 99, null, null, null, System:Role:Add, 0, 0, 0, null, null, 0, 2026-08-20 15:37:57.411229
<==        Row: 10, 5, Perm_System_Role_Edit, F, System:Role:Edit, null, 99, null, null, null, System:Role:Edit, 0, 0, 0, null, null, 0, 2026-08-20 15:37:57.411757
<==        Row: 11, 5, Perm_System_Role_Delete, F, System:Role:Delete, null, 99, null, null, null, System:Role:Delete, 0, 0, 0, null, null, 0, 2026-08-20 15:37:57.412802
<==        Row: 12, 5, Perm_System_Role_Auth, F, System:Role:Auth, null, 99, null, null, null, System:Role:Auth, 0, 0, 0, null, null, 0, 2026-08-20 15:37:57.413394
<==        Row: 13, 5, Perm_System_Menu_Add, F, System:Menu:Add, null, 99, null, null, null, System:Menu:Add, 0, 0, 0, null, null, 0, 2026-08-20 15:37:57.413917
<==        Row: 14, 5, Perm_System_Menu_Edit, F, System:Menu:Edit, null, 99, null, null, null, System:Menu:Edit, 0, 0, 0, null, null, 0, 2026-08-20 15:37:57.414432
<==        Row: 15, 5, Perm_System_Menu_Delete, F, System:Menu:Delete, null, 99, null, null, null, System:Menu:Delete, 0, 0, 0, null, null, 0, 2026-08-20 15:37:57.414952
<==        Row: 17, 16, WsmStore, C, ø‚¥Ê, ic:baseline-inventory, 1, /wsm/store, /wsm/store/index, null, null, 0, 0, 0, super,admin, null, 0, 2026-08-20 15:37:57.416463
<==      Total: 17
Closing non transactional SqlSession [org.apache.ibatis.session.defaults.DefaultSqlSession@1a8653b4]
Creating a new SqlSession
SqlSession [org.apache.ibatis.session.defaults.DefaultSqlSession@1bfa9d4c] was not registered for synchronization because synchronization is not active
JDBC Connection [HikariProxyConnection@259313298 wrapping conn0: url=jdbc:h2:mem:vben user=SA] will not be managed by Spring
==>  Preparing: SELECT id,parent_id,menu_name,menu_type,title,icon,order_num,path,component,redirect,perm,visible,keep_alive,affix_tab,authority,extra_meta,status,create_time FROM sys_menu ORDER BY parent_id ASC,order_num ASC
==> Parameters: 
<==    Columns: id, parent_id, menu_name, menu_type, title, icon, order_num, path, component, redirect, perm, visible, keep_alive, affix_tab, authority, extra_meta, status, create_time
<==        Row: 1, 0, Dashboard, M, page.dashboard.title, null, -1, /dashboard, null, /analytics, null, 0, 0, 0, null, null, 0, 2026-08-20 15:37:57.403075
<==        Row: 4, 0, Perm_System_User_List, F, System:User:List, null, 99, null, null, null, System:User:List, 0, 0, 0, null, null, 0, 2026-08-20 15:37:57.407063
<==        Row: 16, 0, Wsm, M, ø‚¥Êπ‹¿Ì, ic:baseline-inventory-2, 8000, /wsm, null, /wsm/store, null, 0, 0, 0, null, null, 0, 2026-08-20 15:37:57.415456
<==        Row: 5, 0, System, M, œµÕ≥π‹¿Ì, ic:baseline-settings, 9000, /system, null, /system/user, null, 0, 0, 0, null, null, 0, 2026-08-20 15:37:57.408113
<==        Row: 2, 1, Analytics, C, page.dashboard.analytics, null, 1, /analytics, /dashboard/analytics/index, null, null, 0, 0, 1, null, null, 0, 2026-08-20 15:37:57.404972
<==        Row: 3, 1, Workspace, C, page.dashboard.workspace, null, 2, /workspace, /dashboard/workspace/index, null, null, 0, 0, 0, null, null, 0, 2026-08-20 15:37:57.406022
<==        Row: 6, 5, SystemUser, C, ”√ªßπ‹¿Ì, ant-design:user-outlined, 1, /system/user, /system/user/index, null, null, 0, 0, 0, super,admin, null, 0, 2026-08-20 15:37:57.409152
<==        Row: 7, 5, SystemRole, C, Ω«…´π‹¿Ì, ant-design:user-switch-outlined, 2, /system/role, /system/role/index, null, null, 0, 0, 0, super,admin, null, 0, 2026-08-20 15:37:57.409672
<==        Row: 8, 5, SystemMenu, C, ≤Àµ•π‹¿Ì, ant-design:menu-outlined, 3, /system/menu, /system/menu/index, null, null, 0, 0, 0, super,admin, null, 0, 2026-08-20 15:37:57.410709
<==        Row: 9, 5, Perm_System_Role_Add, F, System:Role:Add, null, 99, null, null, null, System:Role:Add, 0, 0, 0, null, null, 0, 2026-08-20 15:37:57.411229
<==        Row: 10, 5, Perm_System_Role_Edit, F, System:Role:Edit, null, 99, null, null, null, System:Role:Edit, 0, 0, 0, null, null, 0, 2026-08-20 15:37:57.411757
<==        Row: 11, 5, Perm_System_Role_Delete, F, System:Role:Delete, null, 99, null, null, null, System:Role:Delete, 0, 0, 0, null, null, 0, 2026-08-20 15:37:57.412802
<==        Row: 12, 5, Perm_System_Role_Auth, F, System:Role:Auth, null, 99, null, null, null, System:Role:Auth, 0, 0, 0, null, null, 0, 2026-08-20 15:37:57.413394
<==        Row: 13, 5, Perm_System_Menu_Add, F, System:Menu:Add, null, 99, null, null, null, System:Menu:Add, 0, 0, 0, null, null, 0, 2026-08-20 15:37:57.413917
<==        Row: 14, 5, Perm_System_Menu_Edit, F, System:Menu:Edit, null, 99, null, null, null, System:Menu:Edit, 0, 0, 0, null, null, 0, 2026-08-20 15:37:57.414432
<==        Row: 15, 5, Perm_System_Menu_Delete, F, System:Menu:Delete, null, 99, null, null, null, System:Menu:Delete, 0, 0, 0, null, null, 0, 2026-08-20 15:37:57.414952
<==        Row: 17, 16, WsmStore, C, ø‚¥Ê, ic:baseline-inventory, 1, /wsm/store, /wsm/store/index, null, null, 0, 0, 0, super,admin, null, 0, 2026-08-20 15:37:57.416463
<==      Total: 17
Closing non transactional SqlSession [org.apache.ibatis.session.defaults.DefaultSqlSession@1bfa9d4c]
Creating a new SqlSession
SqlSession [org.apache.ibatis.session.defaults.DefaultSqlSession@14ea21a1] was not registered for synchronization because synchronization is not active
JDBC Connection [HikariProxyConnection@439209292 wrapping conn0: url=jdbc:h2:mem:vben user=SA] will not be managed by Spring
==>  Preparing: SELECT id,username,password,nickname,home_path,status,create_time,update_time FROM sys_user WHERE id=?
==> Parameters: 1(Long)
<==    Columns: id, username, password, nickname, home_path, status, create_time, update_time
<==        Row: 1, vben, $2a$10$uDDG/ebHjkdNHuwE/DCW/.vkwS7R.TU4SJPTAg8deux0yQzzGHV/., Vben, null, 0, 2026-08-20 15:37:57.48917, 2026-08-20 15:37:57.48917
<==      Total: 1
Closing non transactional SqlSession [org.apache.ibatis.session.defaults.DefaultSqlSession@14ea21a1]
Creating a new SqlSession
SqlSession [org.apache.ibatis.session.defaults.DefaultSqlSession@1e124ad1] was not registered for synchronization because synchronization is not active
JDBC Connection [HikariProxyConnection@1527826295 wrapping conn0: url=jdbc:h2:mem:vben user=SA] will not be managed by Spring
==>  Preparing: SELECT r.role_key FROM sys_role r JOIN sys_user_role ur ON ur.role_id = r.id WHERE ur.user_id = ? AND r.status = 0
==> Parameters: 1(Long)
<==    Columns: role_key
<==        Row: super
<==      Total: 1
Closing non transactional SqlSession [org.apache.ibatis.session.defaults.DefaultSqlSession@1e124ad1]
Creating a new SqlSession
SqlSession [org.apache.ibatis.session.defaults.DefaultSqlSession@1e32029d] was not registered for synchronization because synchronization is not active
JDBC Connection [HikariProxyConnection@1778514874 wrapping conn0: url=jdbc:h2:mem:vben user=SA] will not be managed by Spring
==>  Preparing: SELECT DISTINCT m.* FROM sys_menu m JOIN sys_role_menu rm ON rm.menu_id = m.id JOIN sys_user_role ur ON ur.role_id = rm.role_id JOIN sys_role r ON r.id = ur.role_id WHERE ur.user_id = ? AND m.status = 0 AND r.status = 0 ORDER BY m.parent_id, m.order_num
==> Parameters: 1(Long)
<==    Columns: id, parent_id, menu_name, menu_type, title, icon, order_num, path, component, redirect, perm, visible, keep_alive, affix_tab, authority, extra_meta, status, create_time
<==        Row: 1, 0, Dashboard, M, page.dashboard.title, null, -1, /dashboard, null, /analytics, null, 0, 0, 0, null, null, 0, 2026-08-20 15:37:57.403075
<==        Row: 4, 0, Perm_System_User_List, F, System:User:List, null, 99, null, null, null, System:User:List, 0, 0, 0, null, null, 0, 2026-08-20 15:37:57.407063
<==        Row: 16, 0, Wsm, M, ø‚¥Êπ‹¿Ì, ic:baseline-inventory-2, 8000, /wsm, null, /wsm/store, null, 0, 0, 0, null, null, 0, 2026-08-20 15:37:57.415456
<==        Row: 5, 0, System, M, œµÕ≥π‹¿Ì, ic:baseline-settings, 9000, /system, null, /system/user, null, 0, 0, 0, null, null, 0, 2026-08-20 15:37:57.408113
<==        Row: 2, 1, Analytics, C, page.dashboard.analytics, null, 1, /analytics, /dashboard/analytics/index, null, null, 0, 0, 1, null, null, 0, 2026-08-20 15:37:57.404972
<==        Row: 3, 1, Workspace, C, page.dashboard.workspace, null, 2, /workspace, /dashboard/workspace/index, null, null, 0, 0, 0, null, null, 0, 2026-08-20 15:37:57.406022
<==        Row: 6, 5, SystemUser, C, ”√ªßπ‹¿Ì, ant-design:user-outlined, 1, /system/user, /system/user/index, null, null, 0, 0, 0, super,admin, null, 0, 2026-08-20 15:37:57.409152
<==        Row: 7, 5, SystemRole, C, Ω«…´π‹¿Ì, ant-design:user-switch-outlined, 2, /system/role, /system/role/index, null, null, 0, 0, 0, super,admin, null, 0, 2026-08-20 15:37:57.409672
<==        Row: 8, 5, SystemMenu, C, ≤Àµ•π‹¿Ì, ant-design:menu-outlined, 3, /system/menu, /system/menu/index, null, null, 0, 0, 0, super,admin, null, 0, 2026-08-20 15:37:57.410709
<==        Row: 9, 5, Perm_System_Role_Add, F, System:Role:Add, null, 99, null, null, null, System:Role:Add, 0, 0, 0, null, null, 0, 2026-08-20 15:37:57.411229
<==        Row: 10, 5, Perm_System_Role_Edit, F, System:Role:Edit, null, 99, null, null, null, System:Role:Edit, 0, 0, 0, null, null, 0, 2026-08-20 15:37:57.411757
<==        Row: 11, 5, Perm_System_Role_Delete, F, System:Role:Delete, null, 99, null, null, null, System:Role:Delete, 0, 0, 0, null, null, 0, 2026-08-20 15:37:57.412802
<==        Row: 12, 5, Perm_System_Role_Auth, F, System:Role:Auth, null, 99, null, null, null, System:Role:Auth, 0, 0, 0, null, null, 0, 2026-08-20 15:37:57.413394
<==        Row: 13, 5, Perm_System_Menu_Add, F, System:Menu:Add, null, 99, null, null, null, System:Menu:Add, 0, 0, 0, null, null, 0, 2026-08-20 15:37:57.413917
<==        Row: 14, 5, Perm_System_Menu_Edit, F, System:Menu:Edit, null, 99, null, null, null, System:Menu:Edit, 0, 0, 0, null, null, 0, 2026-08-20 15:37:57.414432
<==        Row: 15, 5, Perm_System_Menu_Delete, F, System:Menu:Delete, null, 99, null, null, null, System:Menu:Delete, 0, 0, 0, null, null, 0, 2026-08-20 15:37:57.414952
<==        Row: 17, 16, WsmStore, C, ø‚¥Ê, ic:baseline-inventory, 1, /wsm/store, /wsm/store/index, null, null, 0, 0, 0, super,admin, null, 0, 2026-08-20 15:37:57.416463
<==      Total: 17
Closing non transactional SqlSession [org.apache.ibatis.session.defaults.DefaultSqlSession@1e32029d]
Load compatibleSet: com.baomidou.mybatisplus.extension.spi.SpringCompatibleSet@6f7f5f7
Creating a new SqlSession
SqlSession [org.apache.ibatis.session.defaults.DefaultSqlSession@58c2c153] was not registered for synchronization because synchronization is not active
JDBC Connection [HikariProxyConnection@1270178571 wrapping conn0: url=jdbc:h2:mem:vben user=SA] will not be managed by Spring
==>  Preparing: SELECT COUNT(*) AS total FROM sys_role
==> Parameters: 
<==    Columns: total
<==        Row: 3
<==      Total: 1
==>  Preparing: SELECT id,role_key,role_name,sort_num,status,remark,create_time FROM sys_role ORDER BY sort_num ASC LIMIT ?
==> Parameters: 10(Long)
<==    Columns: id, role_key, role_name, sort_num, status, remark, create_time
<==        Row: 1, super, ≥¨º∂π‹¿Ì‘±, 1, 0, null, 2026-08-20 15:37:57.397076
<==        Row: 2, admin, π‹¿Ì‘±, 2, 0, null, 2026-08-20 15:37:57.400074
<==        Row: 3, user, ∆’Õ®”√ªß, 3, 0, null, 2026-08-20 15:37:57.401075
<==      Total: 3
Closing non transactional SqlSession [org.apache.ibatis.session.defaults.DefaultSqlSession@58c2c153]
Creating a new SqlSession
SqlSession [org.apache.ibatis.session.defaults.DefaultSqlSession@6fad8fce] was not registered for synchronization because synchronization is not active
JDBC Connection [HikariProxyConnection@1634364491 wrapping conn0: url=jdbc:h2:mem:vben user=SA] will not be managed by Spring
==>  Preparing: SELECT id,username,password,nickname,home_path,status,create_time,update_time FROM sys_user WHERE id=?
==> Parameters: 1(Long)
<==    Columns: id, username, password, nickname, home_path, status, create_time, update_time
<==        Row: 1, vben, $2a$10$uDDG/ebHjkdNHuwE/DCW/.vkwS7R.TU4SJPTAg8deux0yQzzGHV/., Vben, null, 0, 2026-08-20 15:37:57.48917, 2026-08-20 15:37:57.48917
<==      Total: 1
Closing non transactional SqlSession [org.apache.ibatis.session.defaults.DefaultSqlSession@6fad8fce]
Creating a new SqlSession
SqlSession [org.apache.ibatis.session.defaults.DefaultSqlSession@6555e4be] was not registered for synchronization because synchronization is not active
JDBC Connection [HikariProxyConnection@542598768 wrapping conn0: url=jdbc:h2:mem:vben user=SA] will not be managed by Spring
==>  Preparing: SELECT r.role_key FROM sys_role r JOIN sys_user_role ur ON ur.role_id = r.id WHERE ur.user_id = ? AND r.status = 0
==> Parameters: 1(Long)
<==    Columns: role_key
<==        Row: super
<==      Total: 1
Closing non transactional SqlSession [org.apache.ibatis.session.defaults.DefaultSqlSession@6555e4be]
Creating a new SqlSession
SqlSession [org.apache.ibatis.session.defaults.DefaultSqlSession@23074e4b] was not registered for synchronization because synchronization is not active
JDBC Connection [HikariProxyConnection@289236564 wrapping conn0: url=jdbc:h2:mem:vben user=SA] will not be managed by Spring
==>  Preparing: SELECT DISTINCT m.* FROM sys_menu m JOIN sys_role_menu rm ON rm.menu_id = m.id JOIN sys_user_role ur ON ur.role_id = rm.role_id JOIN sys_role r ON r.id = ur.role_id WHERE ur.user_id = ? AND m.status = 0 AND r.status = 0 ORDER BY m.parent_id, m.order_num
==> Parameters: 1(Long)
<==    Columns: id, parent_id, menu_name, menu_type, title, icon, order_num, path, component, redirect, perm, visible, keep_alive, affix_tab, authority, extra_meta, status, create_time
<==        Row: 1, 0, Dashboard, M, page.dashboard.title, null, -1, /dashboard, null, /analytics, null, 0, 0, 0, null, null, 0, 2026-08-20 15:37:57.403075
<==        Row: 4, 0, Perm_System_User_List, F, System:User:List, null, 99, null, null, null, System:User:List, 0, 0, 0, null, null, 0, 2026-08-20 15:37:57.407063
<==        Row: 16, 0, Wsm, M, ø‚¥Êπ‹¿Ì, ic:baseline-inventory-2, 8000, /wsm, null, /wsm/store, null, 0, 0, 0, null, null, 0, 2026-08-20 15:37:57.415456
<==        Row: 5, 0, System, M, œµÕ≥π‹¿Ì, ic:baseline-settings, 9000, /system, null, /system/user, null, 0, 0, 0, null, null, 0, 2026-08-20 15:37:57.408113
<==        Row: 2, 1, Analytics, C, page.dashboard.analytics, null, 1, /analytics, /dashboard/analytics/index, null, null, 0, 0, 1, null, null, 0, 2026-08-20 15:37:57.404972
<==        Row: 3, 1, Workspace, C, page.dashboard.workspace, null, 2, /workspace, /dashboard/workspace/index, null, null, 0, 0, 0, null, null, 0, 2026-08-20 15:37:57.406022
<==        Row: 6, 5, SystemUser, C, ”√ªßπ‹¿Ì, ant-design:user-outlined, 1, /system/user, /system/user/index, null, null, 0, 0, 0, super,admin, null, 0, 2026-08-20 15:37:57.409152
<==        Row: 7, 5, SystemRole, C, Ω«…´π‹¿Ì, ant-design:user-switch-outlined, 2, /system/role, /system/role/index, null, null, 0, 0, 0, super,admin, null, 0, 2026-08-20 15:37:57.409672
<==        Row: 8, 5, SystemMenu, C, ≤Àµ•π‹¿Ì, ant-design:menu-outlined, 3, /system/menu, /system/menu/index, null, null, 0, 0, 0, super,admin, null, 0, 2026-08-20 15:37:57.410709
<==        Row: 9, 5, Perm_System_Role_Add, F, System:Role:Add, null, 99, null, null, null, System:Role:Add, 0, 0, 0, null, null, 0, 2026-08-20 15:37:57.411229
<==        Row: 10, 5, Perm_System_Role_Edit, F, System:Role:Edit, null, 99, null, null, null, System:Role:Edit, 0, 0, 0, null, null, 0, 2026-08-20 15:37:57.411757
<==        Row: 11, 5, Perm_System_Role_Delete, F, System:Role:Delete, null, 99, null, null, null, System:Role:Delete, 0, 0, 0, null, null, 0, 2026-08-20 15:37:57.412802
<==        Row: 12, 5, Perm_System_Role_Auth, F, System:Role:Auth, null, 99, null, null, null, System:Role:Auth, 0, 0, 0, null, null, 0, 2026-08-20 15:37:57.413394
<==        Row: 13, 5, Perm_System_Menu_Add, F, System:Menu:Add, null, 99, null, null, null, System:Menu:Add, 0, 0, 0, null, null, 0, 2026-08-20 15:37:57.413917
<==        Row: 14, 5, Perm_System_Menu_Edit, F, System:Menu:Edit, null, 99, null, null, null, System:Menu:Edit, 0, 0, 0, null, null, 0, 2026-08-20 15:37:57.414432
<==        Row: 15, 5, Perm_System_Menu_Delete, F, System:Menu:Delete, null, 99, null, null, null, System:Menu:Delete, 0, 0, 0, null, null, 0, 2026-08-20 15:37:57.414952
<==        Row: 17, 16, WsmStore, C, ø‚¥Ê, ic:baseline-inventory, 1, /wsm/store, /wsm/store/index, null, null, 0, 0, 0, super,admin, null, 0, 2026-08-20 15:37:57.416463
<==      Total: 17
Closing non transactional SqlSession [org.apache.ibatis.session.defaults.DefaultSqlSession@23074e4b]
Creating a new SqlSession
SqlSession [org.apache.ibatis.session.defaults.DefaultSqlSession@4083fdb0] was not registered for synchronization because synchronization is not active
JDBC Connection [HikariProxyConnection@978264223 wrapping conn0: url=jdbc:h2:mem:vben user=SA] will not be managed by Spring
==>  Preparing: SELECT COUNT(*) AS total FROM sys_user
==> Parameters: 
<==    Columns: total
<==        Row: 3
<==      Total: 1
==>  Preparing: SELECT id,username,password,nickname,home_path,status,create_time,update_time FROM sys_user LIMIT ?
==> Parameters: 10(Long)
<==    Columns: id, username, password, nickname, home_path, status, create_time, update_time
<==        Row: 1, vben, $2a$10$uDDG/ebHjkdNHuwE/DCW/.vkwS7R.TU4SJPTAg8deux0yQzzGHV/., Vben, null, 0, 2026-08-20 15:37:57.48917, 2026-08-20 15:37:57.48917
<==        Row: 2, admin, $2a$10$kTseNu/UofmbDAClk3on2ezHh07odCt3lByC4DgFB4C4fnygvNs3u, Admin, /workspace, 0, 2026-08-20 15:37:57.560174, 2026-08-20 15:37:57.560174
<==        Row: 3, jack, $2a$10$ZCXtnETO2vHbX3M6bsVYl.KRsd1fS6cCMqVq6tPUol5RmXjpQLQC2, Jack, /analytics, 0, 2026-08-20 15:37:57.629747, 2026-08-20 15:37:57.629747
<==      Total: 3
Closing non transactional SqlSession [org.apache.ibatis.session.defaults.DefaultSqlSession@4083fdb0]
Creating a new SqlSession
SqlSession [org.apache.ibatis.session.defaults.DefaultSqlSession@51da4667] was not registered for synchronization because synchronization is not active
JDBC Connection [HikariProxyConnection@1595777580 wrapping conn0: url=jdbc:h2:mem:vben user=SA] will not be managed by Spring
==>  Preparing: SELECT id,username,password,nickname,home_path,status,create_time,update_time FROM sys_user WHERE id=?
==> Parameters: 1(Long)
<==    Columns: id, username, password, nickname, home_path, status, create_time, update_time
<==        Row: 1, vben, $2a$10$uDDG/ebHjkdNHuwE/DCW/.vkwS7R.TU4SJPTAg8deux0yQzzGHV/., Vben, null, 0, 2026-08-20 15:37:57.48917, 2026-08-20 15:37:57.48917
<==      Total: 1
Closing non transactional SqlSession [org.apache.ibatis.session.defaults.DefaultSqlSession@51da4667]
Creating a new SqlSession
SqlSession [org.apache.ibatis.session.defaults.DefaultSqlSession@5b222d17] was not registered for synchronization because synchronization is not active
JDBC Connection [HikariProxyConnection@505456663 wrapping conn0: url=jdbc:h2:mem:vben user=SA] will not be managed by Spring
==>  Preparing: SELECT r.role_key FROM sys_role r JOIN sys_user_role ur ON ur.role_id = r.id WHERE ur.user_id = ? AND r.status = 0
==> Parameters: 1(Long)
<==    Columns: role_key
<==        Row: super
<==      Total: 1
Closing non transactional SqlSession [org.apache.ibatis.session.defaults.DefaultSqlSession@5b222d17]
Creating a new SqlSession
SqlSession [org.apache.ibatis.session.defaults.DefaultSqlSession@1dca3cca] was not registered for synchronization because synchronization is not active
JDBC Connection [HikariProxyConnection@796193181 wrapping conn0: url=jdbc:h2:mem:vben user=SA] will not be managed by Spring
==>  Preparing: SELECT DISTINCT m.* FROM sys_menu m JOIN sys_role_menu rm ON rm.menu_id = m.id JOIN sys_user_role ur ON ur.role_id = rm.role_id JOIN sys_role r ON r.id = ur.role_id WHERE ur.user_id = ? AND m.status = 0 AND r.status = 0 ORDER BY m.parent_id, m.order_num
==> Parameters: 1(Long)
<==    Columns: id, parent_id, menu_name, menu_type, title, icon, order_num, path, component, redirect, perm, visible, keep_alive, affix_tab, authority, extra_meta, status, create_time
<==        Row: 1, 0, Dashboard, M, page.dashboard.title, null, -1, /dashboard, null, /analytics, null, 0, 0, 0, null, null, 0, 2026-08-20 15:37:57.403075
<==        Row: 4, 0, Perm_System_User_List, F, System:User:List, null, 99, null, null, null, System:User:List, 0, 0, 0, null, null, 0, 2026-08-20 15:37:57.407063
<==        Row: 16, 0, Wsm, M, ø‚¥Êπ‹¿Ì, ic:baseline-inventory-2, 8000, /wsm, null, /wsm/store, null, 0, 0, 0, null, null, 0, 2026-08-20 15:37:57.415456
<==        Row: 5, 0, System, M, œµÕ≥π‹¿Ì, ic:baseline-settings, 9000, /system, null, /system/user, null, 0, 0, 0, null, null, 0, 2026-08-20 15:37:57.408113
<==        Row: 2, 1, Analytics, C, page.dashboard.analytics, null, 1, /analytics, /dashboard/analytics/index, null, null, 0, 0, 1, null, null, 0, 2026-08-20 15:37:57.404972
<==        Row: 3, 1, Workspace, C, page.dashboard.workspace, null, 2, /workspace, /dashboard/workspace/index, null, null, 0, 0, 0, null, null, 0, 2026-08-20 15:37:57.406022
<==        Row: 6, 5, SystemUser, C, ”√ªßπ‹¿Ì, ant-design:user-outlined, 1, /system/user, /system/user/index, null, null, 0, 0, 0, super,admin, null, 0, 2026-08-20 15:37:57.409152
<==        Row: 7, 5, SystemRole, C, Ω«…´π‹¿Ì, ant-design:user-switch-outlined, 2, /system/role, /system/role/index, null, null, 0, 0, 0, super,admin, null, 0, 2026-08-20 15:37:57.409672
<==        Row: 8, 5, SystemMenu, C, ≤Àµ•π‹¿Ì, ant-design:menu-outlined, 3, /system/menu, /system/menu/index, null, null, 0, 0, 0, super,admin, null, 0, 2026-08-20 15:37:57.410709
<==        Row: 9, 5, Perm_System_Role_Add, F, System:Role:Add, null, 99, null, null, null, System:Role:Add, 0, 0, 0, null, null, 0, 2026-08-20 15:37:57.411229
<==        Row: 10, 5, Perm_System_Role_Edit, F, System:Role:Edit, null, 99, null, null, null, System:Role:Edit, 0, 0, 0, null, null, 0, 2026-08-20 15:37:57.411757
<==        Row: 11, 5, Perm_System_Role_Delete, F, System:Role:Delete, null, 99, null, null, null, System:Role:Delete, 0, 0, 0, null, null, 0, 2026-08-20 15:37:57.412802
<==        Row: 12, 5, Perm_System_Role_Auth, F, System:Role:Auth, null, 99, null, null, null, System:Role:Auth, 0, 0, 0, null, null, 0, 2026-08-20 15:37:57.413394
<==        Row: 13, 5, Perm_System_Menu_Add, F, System:Menu:Add, null, 99, null, null, null, System:Menu:Add, 0, 0, 0, null, null, 0, 2026-08-20 15:37:57.413917
<==        Row: 14, 5, Perm_System_Menu_Edit, F, System:Menu:Edit, null, 99, null, null, null, System:Menu:Edit, 0, 0, 0, null, null, 0, 2026-08-20 15:37:57.414432
<==        Row: 15, 5, Perm_System_Menu_Delete, F, System:Menu:Delete, null, 99, null, null, null, System:Menu:Delete, 0, 0, 0, null, null, 0, 2026-08-20 15:37:57.414952
<==        Row: 17, 16, WsmStore, C, ø‚¥Ê, ic:baseline-inventory, 1, /wsm/store, /wsm/store/index, null, null, 0, 0, 0, super,admin, null, 0, 2026-08-20 15:37:57.416463
<==      Total: 17
Closing non transactional SqlSession [org.apache.ibatis.session.defaults.DefaultSqlSession@1dca3cca]
Creating a new SqlSession
SqlSession [org.apache.ibatis.session.defaults.DefaultSqlSession@65743bf1] was not registered for synchronization because synchronization is not active
JDBC Connection [HikariProxyConnection@2114934616 wrapping conn0: url=jdbc:h2:mem:vben user=SA] will not be managed by Spring
==>  Preparing: SELECT id,parent_id,menu_name,menu_type,title,icon,order_num,path,component,redirect,perm,visible,keep_alive,affix_tab,authority,extra_meta,status,create_time FROM sys_menu ORDER BY parent_id ASC,order_num ASC
==> Parameters: 
<==    Columns: id, parent_id, menu_name, menu_type, title, icon, order_num, path, component, redirect, perm, visible, keep_alive, affix_tab, authority, extra_meta, status, create_time
<==        Row: 1, 0, Dashboard, M, page.dashboard.title, null, -1, /dashboard, null, /analytics, null, 0, 0, 0, null, null, 0, 2026-08-20 15:37:57.403075
<==        Row: 4, 0, Perm_System_User_List, F, System:User:List, null, 99, null, null, null, System:User:List, 0, 0, 0, null, null, 0, 2026-08-20 15:37:57.407063
<==        Row: 16, 0, Wsm, M, ø‚¥Êπ‹¿Ì, ic:baseline-inventory-2, 8000, /wsm, null, /wsm/store, null, 0, 0, 0, null, null, 0, 2026-08-20 15:37:57.415456
<==        Row: 5, 0, System, M, œµÕ≥π‹¿Ì, ic:baseline-settings, 9000, /system, null, /system/user, null, 0, 0, 0, null, null, 0, 2026-08-20 15:37:57.408113
<==        Row: 2, 1, Analytics, C, page.dashboard.analytics, null, 1, /analytics, /dashboard/analytics/index, null, null, 0, 0, 1, null, null, 0, 2026-08-20 15:37:57.404972
<==        Row: 3, 1, Workspace, C, page.dashboard.workspace, null, 2, /workspace, /dashboard/workspace/index, null, null, 0, 0, 0, null, null, 0, 2026-08-20 15:37:57.406022
<==        Row: 6, 5, SystemUser, C, ”√ªßπ‹¿Ì, ant-design:user-outlined, 1, /system/user, /system/user/index, null, null, 0, 0, 0, super,admin, null, 0, 2026-08-20 15:37:57.409152
<==        Row: 7, 5, SystemRole, C, Ω«…´π‹¿Ì, ant-design:user-switch-outlined, 2, /system/role, /system/role/index, null, null, 0, 0, 0, super,admin, null, 0, 2026-08-20 15:37:57.409672
<==        Row: 8, 5, SystemMenu, C, ≤Àµ•π‹¿Ì, ant-design:menu-outlined, 3, /system/menu, /system/menu/index, null, null, 0, 0, 0, super,admin, null, 0, 2026-08-20 15:37:57.410709
<==        Row: 9, 5, Perm_System_Role_Add, F, System:Role:Add, null, 99, null, null, null, System:Role:Add, 0, 0, 0, null, null, 0, 2026-08-20 15:37:57.411229
<==        Row: 10, 5, Perm_System_Role_Edit, F, System:Role:Edit, null, 99, null, null, null, System:Role:Edit, 0, 0, 0, null, null, 0, 2026-08-20 15:37:57.411757
<==        Row: 11, 5, Perm_System_Role_Delete, F, System:Role:Delete, null, 99, null, null, null, System:Role:Delete, 0, 0, 0, null, null, 0, 2026-08-20 15:37:57.412802
<==        Row: 12, 5, Perm_System_Role_Auth, F, System:Role:Auth, null, 99, null, null, null, System:Role:Auth, 0, 0, 0, null, null, 0, 2026-08-20 15:37:57.413394
<==        Row: 13, 5, Perm_System_Menu_Add, F, System:Menu:Add, null, 99, null, null, null, System:Menu:Add, 0, 0, 0, null, null, 0, 2026-08-20 15:37:57.413917
<==        Row: 14, 5, Perm_System_Menu_Edit, F, System:Menu:Edit, null, 99, null, null, null, System:Menu:Edit, 0, 0, 0, null, null, 0, 2026-08-20 15:37:57.414432
<==        Row: 15, 5, Perm_System_Menu_Delete, F, System:Menu:Delete, null, 99, null, null, null, System:Menu:Delete, 0, 0, 0, null, null, 0, 2026-08-20 15:37:57.414952
<==        Row: 17, 16, WsmStore, C, ø‚¥Ê, ic:baseline-inventory, 1, /wsm/store, /wsm/store/index, null, null, 0, 0, 0, super,admin, null, 0, 2026-08-20 15:37:57.416463
<==      Total: 17
Closing non transactional SqlSession [org.apache.ibatis.session.defaults.DefaultSqlSession@65743bf1]
Creating a new SqlSession
SqlSession [org.apache.ibatis.session.defaults.DefaultSqlSession@240a2cc6] was not registered for synchronization because synchronization is not active
JDBC Connection [HikariProxyConnection@238756486 wrapping conn0: url=jdbc:h2:mem:vben user=SA] will not be managed by Spring
==>  Preparing: SELECT id,username,password,nickname,home_path,status,create_time,update_time FROM sys_user WHERE (username = ? AND status = ?)
==> Parameters: vben(String), 0(Integer)
<==    Columns: id, username, password, nickname, home_path, status, create_time, update_time
<==        Row: 1, vben, $2a$10$uDDG/ebHjkdNHuwE/DCW/.vkwS7R.TU4SJPTAg8deux0yQzzGHV/., Vben, null, 0, 2026-08-20 15:37:57.48917, 2026-08-20 15:37:57.48917
<==      Total: 1
Closing non transactional SqlSession [org.apache.ibatis.session.defaults.DefaultSqlSession@240a2cc6]
Creating a new SqlSession
SqlSession [org.apache.ibatis.session.defaults.DefaultSqlSession@2d9d59f9] was not registered for synchronization because synchronization is not active
JDBC Connection [HikariProxyConnection@2073526111 wrapping conn0: url=jdbc:h2:mem:vben user=SA] will not be managed by Spring
==>  Preparing: SELECT r.role_key FROM sys_role r JOIN sys_user_role ur ON ur.role_id = r.id WHERE ur.user_id = ? AND r.status = 0
==> Parameters: 1(Long)
<==    Columns: role_key
<==        Row: super
<==      Total: 1
Closing non transactional SqlSession [org.apache.ibatis.session.defaults.DefaultSqlSession@2d9d59f9]
Creating a new SqlSession
SqlSession [org.apache.ibatis.session.defaults.DefaultSqlSession@368e8609] was not registered for synchronization because synchronization is not active
JDBC Connection [HikariProxyConnection@634755161 wrapping conn0: url=jdbc:h2:mem:vben user=SA] will not be managed by Spring
==>  Preparing: SELECT id,username,password,nickname,home_path,status,create_time,update_time FROM sys_user WHERE id=?
==> Parameters: 1(Long)
<==    Columns: id, username, password, nickname, home_path, status, create_time, update_time
<==        Row: 1, vben, $2a$10$uDDG/ebHjkdNHuwE/DCW/.vkwS7R.TU4SJPTAg8deux0yQzzGHV/., Vben, null, 0, 2026-08-20 15:37:57.48917, 2026-08-20 15:37:57.48917
<==      Total: 1
Closing non transactional SqlSession [org.apache.ibatis.session.defaults.DefaultSqlSession@368e8609]
Creating a new SqlSession
SqlSession [org.apache.ibatis.session.defaults.DefaultSqlSession@1e0db737] was not registered for synchronization because synchronization is not active
JDBC Connection [HikariProxyConnection@150269526 wrapping conn0: url=jdbc:h2:mem:vben user=SA] will not be managed by Spring
==>  Preparing: SELECT r.role_key FROM sys_role r JOIN sys_user_role ur ON ur.role_id = r.id WHERE ur.user_id = ? AND r.status = 0
==> Parameters: 1(Long)
<==    Columns: role_key
<==        Row: super
<==      Total: 1
Closing non transactional SqlSession [org.apache.ibatis.session.defaults.DefaultSqlSession@1e0db737]
Creating a new SqlSession
SqlSession [org.apache.ibatis.session.defaults.DefaultSqlSession@4a088f8f] was not registered for synchronization because synchronization is not active
JDBC Connection [HikariProxyConnection@1133957575 wrapping conn0: url=jdbc:h2:mem:vben user=SA] will not be managed by Spring
==>  Preparing: SELECT DISTINCT m.* FROM sys_menu m JOIN sys_role_menu rm ON rm.menu_id = m.id JOIN sys_user_role ur ON ur.role_id = rm.role_id JOIN sys_role r ON r.id = ur.role_id WHERE ur.user_id = ? AND m.status = 0 AND r.status = 0 ORDER BY m.parent_id, m.order_num
==> Parameters: 1(Long)
<==    Columns: id, parent_id, menu_name, menu_type, title, icon, order_num, path, component, redirect, perm, visible, keep_alive, affix_tab, authority, extra_meta, status, create_time
<==        Row: 1, 0, Dashboard, M, page.dashboard.title, null, -1, /dashboard, null, /analytics, null, 0, 0, 0, null, null, 0, 2026-08-20 15:37:57.403075
<==        Row: 4, 0, Perm_System_User_List, F, System:User:List, null, 99, null, null, null, System:User:List, 0, 0, 0, null, null, 0, 2026-08-20 15:37:57.407063
<==        Row: 16, 0, Wsm, M, ø‚¥Êπ‹¿Ì, ic:baseline-inventory-2, 8000, /wsm, null, /wsm/store, null, 0, 0, 0, null, null, 0, 2026-08-20 15:37:57.415456
<==        Row: 5, 0, System, M, œµÕ≥π‹¿Ì, ic:baseline-settings, 9000, /system, null, /system/user, null, 0, 0, 0, null, null, 0, 2026-08-20 15:37:57.408113
<==        Row: 2, 1, Analytics, C, page.dashboard.analytics, null, 1, /analytics, /dashboard/analytics/index, null, null, 0, 0, 1, null, null, 0, 2026-08-20 15:37:57.404972
<==        Row: 3, 1, Workspace, C, page.dashboard.workspace, null, 2, /workspace, /dashboard/workspace/index, null, null, 0, 0, 0, null, null, 0, 2026-08-20 15:37:57.406022
<==        Row: 6, 5, SystemUser, C, ”√ªßπ‹¿Ì, ant-design:user-outlined, 1, /system/user, /system/user/index, null, null, 0, 0, 0, super,admin, null, 0, 2026-08-20 15:37:57.409152
<==        Row: 7, 5, SystemRole, C, Ω«…´π‹¿Ì, ant-design:user-switch-outlined, 2, /system/role, /system/role/index, null, null, 0, 0, 0, super,admin, null, 0, 2026-08-20 15:37:57.409672
<==        Row: 8, 5, SystemMenu, C, ≤Àµ•π‹¿Ì, ant-design:menu-outlined, 3, /system/menu, /system/menu/index, null, null, 0, 0, 0, super,admin, null, 0, 2026-08-20 15:37:57.410709
<==        Row: 9, 5, Perm_System_Role_Add, F, System:Role:Add, null, 99, null, null, null, System:Role:Add, 0, 0, 0, null, null, 0, 2026-08-20 15:37:57.411229
<==        Row: 10, 5, Perm_System_Role_Edit, F, System:Role:Edit, null, 99, null, null, null, System:Role:Edit, 0, 0, 0, null, null, 0, 2026-08-20 15:37:57.411757
<==        Row: 11, 5, Perm_System_Role_Delete, F, System:Role:Delete, null, 99, null, null, null, System:Role:Delete, 0, 0, 0, null, null, 0, 2026-08-20 15:37:57.412802
<==        Row: 12, 5, Perm_System_Role_Auth, F, System:Role:Auth, null, 99, null, null, null, System:Role:Auth, 0, 0, 0, null, null, 0, 2026-08-20 15:37:57.413394
<==        Row: 13, 5, Perm_System_Menu_Add, F, System:Menu:Add, null, 99, null, null, null, System:Menu:Add, 0, 0, 0, null, null, 0, 2026-08-20 15:37:57.413917
<==        Row: 14, 5, Perm_System_Menu_Edit, F, System:Menu:Edit, null, 99, null, null, null, System:Menu:Edit, 0, 0, 0, null, null, 0, 2026-08-20 15:37:57.414432
<==        Row: 15, 5, Perm_System_Menu_Delete, F, System:Menu:Delete, null, 99, null, null, null, System:Menu:Delete, 0, 0, 0, null, null, 0, 2026-08-20 15:37:57.414952
<==        Row: 17, 16, WsmStore, C, ø‚¥Ê, ic:baseline-inventory, 1, /wsm/store, /wsm/store/index, null, null, 0, 0, 0, super,admin, null, 0, 2026-08-20 15:37:57.416463
<==      Total: 17
Closing non transactional SqlSession [org.apache.ibatis.session.defaults.DefaultSqlSession@4a088f8f]
Creating a new SqlSession
SqlSession [org.apache.ibatis.session.defaults.DefaultSqlSession@30d1628d] was not registered for synchronization because synchronization is not active
JDBC Connection [HikariProxyConnection@528002207 wrapping conn0: url=jdbc:h2:mem:vben user=SA] will not be managed by Spring
==>  Preparing: SELECT DISTINCT m.* FROM sys_menu m JOIN sys_role_menu rm ON rm.menu_id = m.id JOIN sys_user_role ur ON ur.role_id = rm.role_id JOIN sys_role r ON r.id = ur.role_id WHERE ur.user_id = ? AND m.status = 0 AND r.status = 0 ORDER BY m.parent_id, m.order_num
==> Parameters: 1(Long)
<==    Columns: id, parent_id, menu_name, menu_type, title, icon, order_num, path, component, redirect, perm, visible, keep_alive, affix_tab, authority, extra_meta, status, create_time
<==        Row: 1, 0, Dashboard, M, page.dashboard.title, null, -1, /dashboard, null, /analytics, null, 0, 0, 0, null, null, 0, 2026-08-20 15:37:57.403075
<==        Row: 4, 0, Perm_System_User_List, F, System:User:List, null, 99, null, null, null, System:User:List, 0, 0, 0, null, null, 0, 2026-08-20 15:37:57.407063
<==        Row: 16, 0, Wsm, M, ø‚¥Êπ‹¿Ì, ic:baseline-inventory-2, 8000, /wsm, null, /wsm/store, null, 0, 0, 0, null, null, 0, 2026-08-20 15:37:57.415456
<==        Row: 5, 0, System, M, œµÕ≥π‹¿Ì, ic:baseline-settings, 9000, /system, null, /system/user, null, 0, 0, 0, null, null, 0, 2026-08-20 15:37:57.408113
<==        Row: 2, 1, Analytics, C, page.dashboard.analytics, null, 1, /analytics, /dashboard/analytics/index, null, null, 0, 0, 1, null, null, 0, 2026-08-20 15:37:57.404972
<==        Row: 3, 1, Workspace, C, page.dashboard.workspace, null, 2, /workspace, /dashboard/workspace/index, null, null, 0, 0, 0, null, null, 0, 2026-08-20 15:37:57.406022
<==        Row: 6, 5, SystemUser, C, ”√ªßπ‹¿Ì, ant-design:user-outlined, 1, /system/user, /system/user/index, null, null, 0, 0, 0, super,admin, null, 0, 2026-08-20 15:37:57.409152
<==        Row: 7, 5, SystemRole, C, Ω«…´π‹¿Ì, ant-design:user-switch-outlined, 2, /system/role, /system/role/index, null, null, 0, 0, 0, super,admin, null, 0, 2026-08-20 15:37:57.409672
<==        Row: 8, 5, SystemMenu, C, ≤Àµ•π‹¿Ì, ant-design:menu-outlined, 3, /system/menu, /system/menu/index, null, null, 0, 0, 0, super,admin, null, 0, 2026-08-20 15:37:57.410709
<==        Row: 9, 5, Perm_System_Role_Add, F, System:Role:Add, null, 99, null, null, null, System:Role:Add, 0, 0, 0, null, null, 0, 2026-08-20 15:37:57.411229
<==        Row: 10, 5, Perm_System_Role_Edit, F, System:Role:Edit, null, 99, null, null, null, System:Role:Edit, 0, 0, 0, null, null, 0, 2026-08-20 15:37:57.411757
<==        Row: 11, 5, Perm_System_Role_Delete, F, System:Role:Delete, null, 99, null, null, null, System:Role:Delete, 0, 0, 0, null, null, 0, 2026-08-20 15:37:57.412802
<==        Row: 12, 5, Perm_System_Role_Auth, F, System:Role:Auth, null, 99, null, null, null, System:Role:Auth, 0, 0, 0, null, null, 0, 2026-08-20 15:37:57.413394
<==        Row: 13, 5, Perm_System_Menu_Add, F, System:Menu:Add, null, 99, null, null, null, System:Menu:Add, 0, 0, 0, null, null, 0, 2026-08-20 15:37:57.413917
<==        Row: 14, 5, Perm_System_Menu_Edit, F, System:Menu:Edit, null, 99, null, null, null, System:Menu:Edit, 0, 0, 0, null, null, 0, 2026-08-20 15:37:57.414432
<==        Row: 15, 5, Perm_System_Menu_Delete, F, System:Menu:Delete, null, 99, null, null, null, System:Menu:Delete, 0, 0, 0, null, null, 0, 2026-08-20 15:37:57.414952
<==        Row: 17, 16, WsmStore, C, ø‚¥Ê, ic:baseline-inventory, 1, /wsm/store, /wsm/store/index, null, null, 0, 0, 0, super,admin, null, 0, 2026-08-20 15:37:57.416463
<==      Total: 17
Closing non transactional SqlSession [org.apache.ibatis.session.defaults.DefaultSqlSession@30d1628d]
Creating a new SqlSession
SqlSession [org.apache.ibatis.session.defaults.DefaultSqlSession@1b801d68] was not registered for synchronization because synchronization is not active
JDBC Connection [HikariProxyConnection@906521101 wrapping conn0: url=jdbc:h2:mem:vben user=SA] will not be managed by Spring
==>  Preparing: SELECT id,username,password,nickname,home_path,status,create_time,update_time FROM sys_user WHERE id=?
==> Parameters: 2(Long)
<==    Columns: id, username, password, nickname, home_path, status, create_time, update_time
<==        Row: 2, admin, $2a$10$kTseNu/UofmbDAClk3on2ezHh07odCt3lByC4DgFB4C4fnygvNs3u, Admin, /workspace, 0, 2026-08-20 15:37:57.560174, 2026-08-20 15:37:57.560174
<==      Total: 1
Closing non transactional SqlSession [org.apache.ibatis.session.defaults.DefaultSqlSession@1b801d68]
Creating a new SqlSession
SqlSession [org.apache.ibatis.session.defaults.DefaultSqlSession@14a5275b] was not registered for synchronization because synchronization is not active
JDBC Connection [HikariProxyConnection@268850064 wrapping conn0: url=jdbc:h2:mem:vben user=SA] will not be managed by Spring
==>  Preparing: SELECT r.role_key FROM sys_role r JOIN sys_user_role ur ON ur.role_id = r.id WHERE ur.user_id = ? AND r.status = 0
==> Parameters: 2(Long)
<==    Columns: role_key
<==        Row: admin
<==      Total: 1
Closing non transactional SqlSession [org.apache.ibatis.session.defaults.DefaultSqlSession@14a5275b]
Creating a new SqlSession
SqlSession [org.apache.ibatis.session.defaults.DefaultSqlSession@b7667a5] was not registered for synchronization because synchronization is not active
JDBC Connection [HikariProxyConnection@2128297156 wrapping conn0: url=jdbc:h2:mem:vben user=SA] will not be managed by Spring
==>  Preparing: SELECT DISTINCT m.* FROM sys_menu m JOIN sys_role_menu rm ON rm.menu_id = m.id JOIN sys_user_role ur ON ur.role_id = rm.role_id JOIN sys_role r ON r.id = ur.role_id WHERE ur.user_id = ? AND m.status = 0 AND r.status = 0 ORDER BY m.parent_id, m.order_num
==> Parameters: 2(Long)
<==    Columns: id, parent_id, menu_name, menu_type, title, icon, order_num, path, component, redirect, perm, visible, keep_alive, affix_tab, authority, extra_meta, status, create_time
<==        Row: 1, 0, Dashboard, M, page.dashboard.title, null, -1, /dashboard, null, /analytics, null, 0, 0, 0, null, null, 0, 2026-08-20 15:37:57.403075
<==        Row: 4, 0, Perm_System_User_List, F, System:User:List, null, 99, null, null, null, System:User:List, 0, 0, 0, null, null, 0, 2026-08-20 15:37:57.407063
<==        Row: 16, 0, Wsm, M, ø‚¥Êπ‹¿Ì, ic:baseline-inventory-2, 8000, /wsm, null, /wsm/store, null, 0, 0, 0, null, null, 0, 2026-08-20 15:37:57.415456
<==        Row: 5, 0, System, M, œµÕ≥π‹¿Ì, ic:baseline-settings, 9000, /system, null, /system/user, null, 0, 0, 0, null, null, 0, 2026-08-20 15:37:57.408113
<==        Row: 2, 1, Analytics, C, page.dashboard.analytics, null, 1, /analytics, /dashboard/analytics/index, null, null, 0, 0, 1, null, null, 0, 2026-08-20 15:37:57.404972
<==        Row: 3, 1, Workspace, C, page.dashboard.workspace, null, 2, /workspace, /dashboard/workspace/index, null, null, 0, 0, 0, null, null, 0, 2026-08-20 15:37:57.406022
<==        Row: 6, 5, SystemUser, C, ”√ªßπ‹¿Ì, ant-design:user-outlined, 1, /system/user, /system/user/index, null, null, 0, 0, 0, super,admin, null, 0, 2026-08-20 15:37:57.409152
<==        Row: 7, 5, SystemRole, C, Ω«…´π‹¿Ì, ant-design:user-switch-outlined, 2, /system/role, /system/role/index, null, null, 0, 0, 0, super,admin, null, 0, 2026-08-20 15:37:57.409672
<==        Row: 8, 5, SystemMenu, C, ≤Àµ•π‹¿Ì, ant-design:menu-outlined, 3, /system/menu, /system/menu/index, null, null, 0, 0, 0, super,admin, null, 0, 2026-08-20 15:37:57.410709
<==        Row: 9, 5, Perm_System_Role_Add, F, System:Role:Add, null, 99, null, null, null, System:Role:Add, 0, 0, 0, null, null, 0, 2026-08-20 15:37:57.411229
<==        Row: 10, 5, Perm_System_Role_Edit, F, System:Role:Edit, null, 99, null, null, null, System:Role:Edit, 0, 0, 0, null, null, 0, 2026-08-20 15:37:57.411757
<==        Row: 11, 5, Perm_System_Role_Delete, F, System:Role:Delete, null, 99, null, null, null, System:Role:Delete, 0, 0, 0, null, null, 0, 2026-08-20 15:37:57.412802
<==        Row: 12, 5, Perm_System_Role_Auth, F, System:Role:Auth, null, 99, null, null, null, System:Role:Auth, 0, 0, 0, null, null, 0, 2026-08-20 15:37:57.413394
<==        Row: 13, 5, Perm_System_Menu_Add, F, System:Menu:Add, null, 99, null, null, null, System:Menu:Add, 0, 0, 0, null, null, 0, 2026-08-20 15:37:57.413917
<==        Row: 14, 5, Perm_System_Menu_Edit, F, System:Menu:Edit, null, 99, null, null, null, System:Menu:Edit, 0, 0, 0, null, null, 0, 2026-08-20 15:37:57.414432
<==        Row: 15, 5, Perm_System_Menu_Delete, F, System:Menu:Delete, null, 99, null, null, null, System:Menu:Delete, 0, 0, 0, null, null, 0, 2026-08-20 15:37:57.414952
<==        Row: 17, 16, WsmStore, C, ø‚¥Ê, ic:baseline-inventory, 1, /wsm/store, /wsm/store/index, null, null, 0, 0, 0, super,admin, null, 0, 2026-08-20 15:37:57.416463
<==      Total: 17
Closing non transactional SqlSession [org.apache.ibatis.session.defaults.DefaultSqlSession@b7667a5]
Creating a new SqlSession
SqlSession [org.apache.ibatis.session.defaults.DefaultSqlSession@61410287] was not registered for synchronization because synchronization is not active
JDBC Connection [HikariProxyConnection@1504840261 wrapping conn0: url=jdbc:h2:mem:vben user=SA] will not be managed by Spring
==>  Preparing: SELECT id,username,password,nickname,home_path,status,create_time,update_time FROM sys_user WHERE id=?
==> Parameters: 2(Long)
<==    Columns: id, username, password, nickname, home_path, status, create_time, update_time
<==        Row: 2, admin, $2a$10$kTseNu/UofmbDAClk3on2ezHh07odCt3lByC4DgFB4C4fnygvNs3u, Admin, /workspace, 0, 2026-08-20 15:37:57.560174, 2026-08-20 15:37:57.560174
<==      Total: 1
Closing non transactional SqlSession [org.apache.ibatis.session.defaults.DefaultSqlSession@61410287]
Creating a new SqlSession
SqlSession [org.apache.ibatis.session.defaults.DefaultSqlSession@e1494e4] was not registered for synchronization because synchronization is not active
JDBC Connection [HikariProxyConnection@1545162773 wrapping conn0: url=jdbc:h2:mem:vben user=SA] will not be managed by Spring
==>  Preparing: SELECT id,username,password,nickname,home_path,status,create_time,update_time FROM sys_user WHERE id=?
==> Parameters: 2(Long)
<==    Columns: id, username, password, nickname, home_path, status, create_time, update_time
<==        Row: 2, admin, $2a$10$kTseNu/UofmbDAClk3on2ezHh07odCt3lByC4DgFB4C4fnygvNs3u, Admin, /workspace, 0, 2026-08-20 15:37:57.560174, 2026-08-20 15:37:57.560174
<==      Total: 1
Closing non transactional SqlSession [org.apache.ibatis.session.defaults.DefaultSqlSession@e1494e4]
Creating a new SqlSession
SqlSession [org.apache.ibatis.session.defaults.DefaultSqlSession@792c952b] was not registered for synchronization because synchronization is not active
JDBC Connection [HikariProxyConnection@148161348 wrapping conn0: url=jdbc:h2:mem:vben user=SA] will not be managed by Spring
==>  Preparing: SELECT r.role_key FROM sys_role r JOIN sys_user_role ur ON ur.role_id = r.id WHERE ur.user_id = ? AND r.status = 0
==> Parameters: 2(Long)
<==    Columns: role_key
<==        Row: admin
<==      Total: 1
Closing non transactional SqlSession [org.apache.ibatis.session.defaults.DefaultSqlSession@792c952b]
Creating a new SqlSession
SqlSession [org.apache.ibatis.session.defaults.DefaultSqlSession@22cdd50e] was not registered for synchronization because synchronization is not active
JDBC Connection [HikariProxyConnection@885174458 wrapping conn0: url=jdbc:h2:mem:vben user=SA] will not be managed by Spring
==>  Preparing: SELECT DISTINCT m.* FROM sys_menu m JOIN sys_role_menu rm ON rm.menu_id = m.id JOIN sys_user_role ur ON ur.role_id = rm.role_id JOIN sys_role r ON r.id = ur.role_id WHERE ur.user_id = ? AND m.status = 0 AND r.status = 0 ORDER BY m.parent_id, m.order_num
==> Parameters: 2(Long)
<==    Columns: id, parent_id, menu_name, menu_type, title, icon, order_num, path, component, redirect, perm, visible, keep_alive, affix_tab, authority, extra_meta, status, create_time
<==        Row: 1, 0, Dashboard, M, page.dashboard.title, null, -1, /dashboard, null, /analytics, null, 0, 0, 0, null, null, 0, 2026-08-20 15:37:57.403075
<==        Row: 4, 0, Perm_System_User_List, F, System:User:List, null, 99, null, null, null, System:User:List, 0, 0, 0, null, null, 0, 2026-08-20 15:37:57.407063
<==        Row: 16, 0, Wsm, M, ø‚¥Êπ‹¿Ì, ic:baseline-inventory-2, 8000, /wsm, null, /wsm/store, null, 0, 0, 0, null, null, 0, 2026-08-20 15:37:57.415456
<==        Row: 5, 0, System, M, œµÕ≥π‹¿Ì, ic:baseline-settings, 9000, /system, null, /system/user, null, 0, 0, 0, null, null, 0, 2026-08-20 15:37:57.408113
<==        Row: 2, 1, Analytics, C, page.dashboard.analytics, null, 1, /analytics, /dashboard/analytics/index, null, null, 0, 0, 1, null, null, 0, 2026-08-20 15:37:57.404972
<==        Row: 3, 1, Workspace, C, page.dashboard.workspace, null, 2, /workspace, /dashboard/workspace/index, null, null, 0, 0, 0, null, null, 0, 2026-08-20 15:37:57.406022
<==        Row: 6, 5, SystemUser, C, ”√ªßπ‹¿Ì, ant-design:user-outlined, 1, /system/user, /system/user/index, null, null, 0, 0, 0, super,admin, null, 0, 2026-08-20 15:37:57.409152
<==        Row: 7, 5, SystemRole, C, Ω«…´π‹¿Ì, ant-design:user-switch-outlined, 2, /system/role, /system/role/index, null, null, 0, 0, 0, super,admin, null, 0, 2026-08-20 15:37:57.409672
<==        Row: 8, 5, SystemMenu, C, ≤Àµ•π‹¿Ì, ant-design:menu-outlined, 3, /system/menu, /system/menu/index, null, null, 0, 0, 0, super,admin, null, 0, 2026-08-20 15:37:57.410709
<==        Row: 9, 5, Perm_System_Role_Add, F, System:Role:Add, null, 99, null, null, null, System:Role:Add, 0, 0, 0, null, null, 0, 2026-08-20 15:37:57.411229
<==        Row: 10, 5, Perm_System_Role_Edit, F, System:Role:Edit, null, 99, null, null, null, System:Role:Edit, 0, 0, 0, null, null, 0, 2026-08-20 15:37:57.411757
<==        Row: 11, 5, Perm_System_Role_Delete, F, System:Role:Delete, null, 99, null, null, null, System:Role:Delete, 0, 0, 0, null, null, 0, 2026-08-20 15:37:57.412802
<==        Row: 12, 5, Perm_System_Role_Auth, F, System:Role:Auth, null, 99, null, null, null, System:Role:Auth, 0, 0, 0, null, null, 0, 2026-08-20 15:37:57.413394
<==        Row: 13, 5, Perm_System_Menu_Add, F, System:Menu:Add, null, 99, null, null, null, System:Menu:Add, 0, 0, 0, null, null, 0, 2026-08-20 15:37:57.413917
<==        Row: 14, 5, Perm_System_Menu_Edit, F, System:Menu:Edit, null, 99, null, null, null, System:Menu:Edit, 0, 0, 0, null, null, 0, 2026-08-20 15:37:57.414432
<==        Row: 15, 5, Perm_System_Menu_Delete, F, System:Menu:Delete, null, 99, null, null, null, System:Menu:Delete, 0, 0, 0, null, null, 0, 2026-08-20 15:37:57.414952
<==        Row: 17, 16, WsmStore, C, ø‚¥Ê, ic:baseline-inventory, 1, /wsm/store, /wsm/store/index, null, null, 0, 0, 0, super,admin, null, 0, 2026-08-20 15:37:57.416463
<==      Total: 17
Closing non transactional SqlSession [org.apache.ibatis.session.defaults.DefaultSqlSession@22cdd50e]
Creating a new SqlSession
SqlSession [org.apache.ibatis.session.defaults.DefaultSqlSession@29daeec4] was not registered for synchronization because synchronization is not active
JDBC Connection [HikariProxyConnection@121292376 wrapping conn0: url=jdbc:h2:mem:vben user=SA] will not be managed by Spring
==>  Preparing: SELECT DISTINCT m.* FROM sys_menu m JOIN sys_role_menu rm ON rm.menu_id = m.id JOIN sys_user_role ur ON ur.role_id = rm.role_id JOIN sys_role r ON r.id = ur.role_id WHERE ur.user_id = ? AND m.status = 0 AND r.status = 0 ORDER BY m.parent_id, m.order_num
==> Parameters: 2(Long)
<==    Columns: id, parent_id, menu_name, menu_type, title, icon, order_num, path, component, redirect, perm, visible, keep_alive, affix_tab, authority, extra_meta, status, create_time
<==        Row: 1, 0, Dashboard, M, page.dashboard.title, null, -1, /dashboard, null, /analytics, null, 0, 0, 0, null, null, 0, 2026-08-20 15:37:57.403075
<==        Row: 4, 0, Perm_System_User_List, F, System:User:List, null, 99, null, null, null, System:User:List, 0, 0, 0, null, null, 0, 2026-08-20 15:37:57.407063
<==        Row: 16, 0, Wsm, M, ø‚¥Êπ‹¿Ì, ic:baseline-inventory-2, 8000, /wsm, null, /wsm/store, null, 0, 0, 0, null, null, 0, 2026-08-20 15:37:57.415456
<==        Row: 5, 0, System, M, œµÕ≥π‹¿Ì, ic:baseline-settings, 9000, /system, null, /system/user, null, 0, 0, 0, null, null, 0, 2026-08-20 15:37:57.408113
<==        Row: 2, 1, Analytics, C, page.dashboard.analytics, null, 1, /analytics, /dashboard/analytics/index, null, null, 0, 0, 1, null, null, 0, 2026-08-20 15:37:57.404972
<==        Row: 3, 1, Workspace, C, page.dashboard.workspace, null, 2, /workspace, /dashboard/workspace/index, null, null, 0, 0, 0, null, null, 0, 2026-08-20 15:37:57.406022
<==        Row: 6, 5, SystemUser, C, ”√ªßπ‹¿Ì, ant-design:user-outlined, 1, /system/user, /system/user/index, null, null, 0, 0, 0, super,admin, null, 0, 2026-08-20 15:37:57.409152
<==        Row: 7, 5, SystemRole, C, Ω«…´π‹¿Ì, ant-design:user-switch-outlined, 2, /system/role, /system/role/index, null, null, 0, 0, 0, super,admin, null, 0, 2026-08-20 15:37:57.409672
<==        Row: 8, 5, SystemMenu, C, ≤Àµ•π‹¿Ì, ant-design:menu-outlined, 3, /system/menu, /system/menu/index, null, null, 0, 0, 0, super,admin, null, 0, 2026-08-20 15:37:57.410709
<==        Row: 9, 5, Perm_System_Role_Add, F, System:Role:Add, null, 99, null, null, null, System:Role:Add, 0, 0, 0, null, null, 0, 2026-08-20 15:37:57.411229
<==        Row: 10, 5, Perm_System_Role_Edit, F, System:Role:Edit, null, 99, null, null, null, System:Role:Edit, 0, 0, 0, null, null, 0, 2026-08-20 15:37:57.411757
<==        Row: 11, 5, Perm_System_Role_Delete, F, System:Role:Delete, null, 99, null, null, null, System:Role:Delete, 0, 0, 0, null, null, 0, 2026-08-20 15:37:57.412802
<==        Row: 12, 5, Perm_System_Role_Auth, F, System:Role:Auth, null, 99, null, null, null, System:Role:Auth, 0, 0, 0, null, null, 0, 2026-08-20 15:37:57.413394
<==        Row: 13, 5, Perm_System_Menu_Add, F, System:Menu:Add, null, 99, null, null, null, System:Menu:Add, 0, 0, 0, null, null, 0, 2026-08-20 15:37:57.413917
<==        Row: 14, 5, Perm_System_Menu_Edit, F, System:Menu:Edit, null, 99, null, null, null, System:Menu:Edit, 0, 0, 0, null, null, 0, 2026-08-20 15:37:57.414432
<==        Row: 15, 5, Perm_System_Menu_Delete, F, System:Menu:Delete, null, 99, null, null, null, System:Menu:Delete, 0, 0, 0, null, null, 0, 2026-08-20 15:37:57.414952
<==        Row: 17, 16, WsmStore, C, ø‚¥Ê, ic:baseline-inventory, 1, /wsm/store, /wsm/store/index, null, null, 0, 0, 0, super,admin, null, 0, 2026-08-20 15:37:57.416463
<==      Total: 17
Closing non transactional SqlSession [org.apache.ibatis.session.defaults.DefaultSqlSession@29daeec4]
Creating a new SqlSession
SqlSession [org.apache.ibatis.session.defaults.DefaultSqlSession@348ccac5] was not registered for synchronization because synchronization is not active
JDBC Connection [HikariProxyConnection@1271386671 wrapping conn0: url=jdbc:h2:mem:vben user=SA] will not be managed by Spring
==>  Preparing: SELECT id,username,password,nickname,home_path,status,create_time,update_time FROM sys_user WHERE id=?
==> Parameters: 1(Long)
<==    Columns: id, username, password, nickname, home_path, status, create_time, update_time
<==        Row: 1, vben, $2a$10$uDDG/ebHjkdNHuwE/DCW/.vkwS7R.TU4SJPTAg8deux0yQzzGHV/., Vben, null, 0, 2026-08-20 15:37:57.48917, 2026-08-20 15:37:57.48917
<==      Total: 1
Closing non transactional SqlSession [org.apache.ibatis.session.defaults.DefaultSqlSession@348ccac5]
Creating a new SqlSession
SqlSession [org.apache.ibatis.session.defaults.DefaultSqlSession@af7ad92] was not registered for synchronization because synchronization is not active
JDBC Connection [HikariProxyConnection@1611160103 wrapping conn0: url=jdbc:h2:mem:vben user=SA] will not be managed by Spring
==>  Preparing: SELECT r.role_key FROM sys_role r JOIN sys_user_role ur ON ur.role_id = r.id WHERE ur.user_id = ? AND r.status = 0
==> Parameters: 1(Long)
<==    Columns: role_key
<==        Row: super
<==      Total: 1
Closing non transactional SqlSession [org.apache.ibatis.session.defaults.DefaultSqlSession@af7ad92]
Creating a new SqlSession
SqlSession [org.apache.ibatis.session.defaults.DefaultSqlSession@32806e01] was not registered for synchronization because synchronization is not active
JDBC Connection [HikariProxyConnection@1201902804 wrapping conn0: url=jdbc:h2:mem:vben user=SA] will not be managed by Spring
==>  Preparing: SELECT DISTINCT m.* FROM sys_menu m JOIN sys_role_menu rm ON rm.menu_id = m.id JOIN sys_user_role ur ON ur.role_id = rm.role_id JOIN sys_role r ON r.id = ur.role_id WHERE ur.user_id = ? AND m.status = 0 AND r.status = 0 ORDER BY m.parent_id, m.order_num
==> Parameters: 1(Long)
<==    Columns: id, parent_id, menu_name, menu_type, title, icon, order_num, path, component, redirect, perm, visible, keep_alive, affix_tab, authority, extra_meta, status, create_time
<==        Row: 1, 0, Dashboard, M, page.dashboard.title, null, -1, /dashboard, null, /analytics, null, 0, 0, 0, null, null, 0, 2026-08-20 15:37:57.403075
<==        Row: 4, 0, Perm_System_User_List, F, System:User:List, null, 99, null, null, null, System:User:List, 0, 0, 0, null, null, 0, 2026-08-20 15:37:57.407063
<==        Row: 16, 0, Wsm, M, ø‚¥Êπ‹¿Ì, ic:baseline-inventory-2, 8000, /wsm, null, /wsm/store, null, 0, 0, 0, null, null, 0, 2026-08-20 15:37:57.415456
<==        Row: 5, 0, System, M, œµÕ≥π‹¿Ì, ic:baseline-settings, 9000, /system, null, /system/user, null, 0, 0, 0, null, null, 0, 2026-08-20 15:37:57.408113
<==        Row: 2, 1, Analytics, C, page.dashboard.analytics, null, 1, /analytics, /dashboard/analytics/index, null, null, 0, 0, 1, null, null, 0, 2026-08-20 15:37:57.404972
<==        Row: 3, 1, Workspace, C, page.dashboard.workspace, null, 2, /workspace, /dashboard/workspace/index, null, null, 0, 0, 0, null, null, 0, 2026-08-20 15:37:57.406022
<==        Row: 6, 5, SystemUser, C, ”√ªßπ‹¿Ì, ant-design:user-outlined, 1, /system/user, /system/user/index, null, null, 0, 0, 0, super,admin, null, 0, 2026-08-20 15:37:57.409152
<==        Row: 7, 5, SystemRole, C, Ω«…´π‹¿Ì, ant-design:user-switch-outlined, 2, /system/role, /system/role/index, null, null, 0, 0, 0, super,admin, null, 0, 2026-08-20 15:37:57.409672
<==        Row: 8, 5, SystemMenu, C, ≤Àµ•π‹¿Ì, ant-design:menu-outlined, 3, /system/menu, /system/menu/index, null, null, 0, 0, 0, super,admin, null, 0, 2026-08-20 15:37:57.410709
<==        Row: 9, 5, Perm_System_Role_Add, F, System:Role:Add, null, 99, null, null, null, System:Role:Add, 0, 0, 0, null, null, 0, 2026-08-20 15:37:57.411229
<==        Row: 10, 5, Perm_System_Role_Edit, F, System:Role:Edit, null, 99, null, null, null, System:Role:Edit, 0, 0, 0, null, null, 0, 2026-08-20 15:37:57.411757
<==        Row: 11, 5, Perm_System_Role_Delete, F, System:Role:Delete, null, 99, null, null, null, System:Role:Delete, 0, 0, 0, null, null, 0, 2026-08-20 15:37:57.412802
<==        Row: 12, 5, Perm_System_Role_Auth, F, System:Role:Auth, null, 99, null, null, null, System:Role:Auth, 0, 0, 0, null, null, 0, 2026-08-20 15:37:57.413394
<==        Row: 13, 5, Perm_System_Menu_Add, F, System:Menu:Add, null, 99, null, null, null, System:Menu:Add, 0, 0, 0, null, null, 0, 2026-08-20 15:37:57.413917
<==        Row: 14, 5, Perm_System_Menu_Edit, F, System:Menu:Edit, null, 99, null, null, null, System:Menu:Edit, 0, 0, 0, null, null, 0, 2026-08-20 15:37:57.414432
<==        Row: 15, 5, Perm_System_Menu_Delete, F, System:Menu:Delete, null, 99, null, null, null, System:Menu:Delete, 0, 0, 0, null, null, 0, 2026-08-20 15:37:57.414952
<==        Row: 17, 16, WsmStore, C, ø‚¥Ê, ic:baseline-inventory, 1, /wsm/store, /wsm/store/index, null, null, 0, 0, 0, super,admin, null, 0, 2026-08-20 15:37:57.416463
<==      Total: 17
Closing non transactional SqlSession [org.apache.ibatis.session.defaults.DefaultSqlSession@32806e01]
Creating a new SqlSession
SqlSession [org.apache.ibatis.session.defaults.DefaultSqlSession@700f3a8f] was not registered for synchronization because synchronization is not active
JDBC Connection [HikariProxyConnection@1391759307 wrapping conn0: url=jdbc:h2:mem:vben user=SA] will not be managed by Spring
==>  Preparing: SELECT id,username,password,nickname,home_path,status,create_time,update_time FROM sys_user WHERE id=?
==> Parameters: 1(Long)
<==    Columns: id, username, password, nickname, home_path, status, create_time, update_time
<==        Row: 1, vben, $2a$10$uDDG/ebHjkdNHuwE/DCW/.vkwS7R.TU4SJPTAg8deux0yQzzGHV/., Vben, null, 0, 2026-08-20 15:37:57.48917, 2026-08-20 15:37:57.48917
<==      Total: 1
Closing non transactional SqlSession [org.apache.ibatis.session.defaults.DefaultSqlSession@700f3a8f]
Creating a new SqlSession
SqlSession [org.apache.ibatis.session.defaults.DefaultSqlSession@7aaffb15] was not registered for synchronization because synchronization is not active
JDBC Connection [HikariProxyConnection@1746594039 wrapping conn0: url=jdbc:h2:mem:vben user=SA] will not be managed by Spring
==>  Preparing: SELECT id,username,password,nickname,home_path,status,create_time,update_time FROM sys_user WHERE id=?
==> Parameters: 1(Long)
<==    Columns: id, username, password, nickname, home_path, status, create_time, update_time
<==        Row: 1, vben, $2a$10$uDDG/ebHjkdNHuwE/DCW/.vkwS7R.TU4SJPTAg8deux0yQzzGHV/., Vben, null, 0, 2026-08-20 15:37:57.48917, 2026-08-20 15:37:57.48917
<==      Total: 1
Closing non transactional SqlSession [org.apache.ibatis.session.defaults.DefaultSqlSession@7aaffb15]
Creating a new SqlSession
SqlSession [org.apache.ibatis.session.defaults.DefaultSqlSession@19039483] was not registered for synchronization because synchronization is not active
JDBC Connection [HikariProxyConnection@1456194316 wrapping conn0: url=jdbc:h2:mem:vben user=SA] will not be managed by Spring
==>  Preparing: SELECT r.role_key FROM sys_role r JOIN sys_user_role ur ON ur.role_id = r.id WHERE ur.user_id = ? AND r.status = 0
==> Parameters: 1(Long)
<==    Columns: role_key
<==        Row: super
<==      Total: 1
Closing non transactional SqlSession [org.apache.ibatis.session.defaults.DefaultSqlSession@19039483]
Creating a new SqlSession
SqlSession [org.apache.ibatis.session.defaults.DefaultSqlSession@5339ed93] was not registered for synchronization because synchronization is not active
JDBC Connection [HikariProxyConnection@1826355795 wrapping conn0: url=jdbc:h2:mem:vben user=SA] will not be managed by Spring
==>  Preparing: SELECT DISTINCT m.* FROM sys_menu m JOIN sys_role_menu rm ON rm.menu_id = m.id JOIN sys_user_role ur ON ur.role_id = rm.role_id JOIN sys_role r ON r.id = ur.role_id WHERE ur.user_id = ? AND m.status = 0 AND r.status = 0 ORDER BY m.parent_id, m.order_num
==> Parameters: 1(Long)
<==    Columns: id, parent_id, menu_name, menu_type, title, icon, order_num, path, component, redirect, perm, visible, keep_alive, affix_tab, authority, extra_meta, status, create_time
<==        Row: 1, 0, Dashboard, M, page.dashboard.title, null, -1, /dashboard, null, /analytics, null, 0, 0, 0, null, null, 0, 2026-08-20 15:37:57.403075
<==        Row: 4, 0, Perm_System_User_List, F, System:User:List, null, 99, null, null, null, System:User:List, 0, 0, 0, null, null, 0, 2026-08-20 15:37:57.407063
<==        Row: 16, 0, Wsm, M, ø‚¥Êπ‹¿Ì, ic:baseline-inventory-2, 8000, /wsm, null, /wsm/store, null, 0, 0, 0, null, null, 0, 2026-08-20 15:37:57.415456
<==        Row: 5, 0, System, M, œµÕ≥π‹¿Ì, ic:baseline-settings, 9000, /system, null, /system/user, null, 0, 0, 0, null, null, 0, 2026-08-20 15:37:57.408113
<==        Row: 2, 1, Analytics, C, page.dashboard.analytics, null, 1, /analytics, /dashboard/analytics/index, null, null, 0, 0, 1, null, null, 0, 2026-08-20 15:37:57.404972
<==        Row: 3, 1, Workspace, C, page.dashboard.workspace, null, 2, /workspace, /dashboard/workspace/index, null, null, 0, 0, 0, null, null, 0, 2026-08-20 15:37:57.406022
<==        Row: 6, 5, SystemUser, C, ”√ªßπ‹¿Ì, ant-design:user-outlined, 1, /system/user, /system/user/index, null, null, 0, 0, 0, super,admin, null, 0, 2026-08-20 15:37:57.409152
<==        Row: 7, 5, SystemRole, C, Ω«…´π‹¿Ì, ant-design:user-switch-outlined, 2, /system/role, /system/role/index, null, null, 0, 0, 0, super,admin, null, 0, 2026-08-20 15:37:57.409672
<==        Row: 8, 5, SystemMenu, C, ≤Àµ•π‹¿Ì, ant-design:menu-outlined, 3, /system/menu, /system/menu/index, null, null, 0, 0, 0, super,admin, null, 0, 2026-08-20 15:37:57.410709
<==        Row: 9, 5, Perm_System_Role_Add, F, System:Role:Add, null, 99, null, null, null, System:Role:Add, 0, 0, 0, null, null, 0, 2026-08-20 15:37:57.411229
<==        Row: 10, 5, Perm_System_Role_Edit, F, System:Role:Edit, null, 99, null, null, null, System:Role:Edit, 0, 0, 0, null, null, 0, 2026-08-20 15:37:57.411757
<==        Row: 11, 5, Perm_System_Role_Delete, F, System:Role:Delete, null, 99, null, null, null, System:Role:Delete, 0, 0, 0, null, null, 0, 2026-08-20 15:37:57.412802
<==        Row: 12, 5, Perm_System_Role_Auth, F, System:Role:Auth, null, 99, null, null, null, System:Role:Auth, 0, 0, 0, null, null, 0, 2026-08-20 15:37:57.413394
<==        Row: 13, 5, Perm_System_Menu_Add, F, System:Menu:Add, null, 99, null, null, null, System:Menu:Add, 0, 0, 0, null, null, 0, 2026-08-20 15:37:57.413917
<==        Row: 14, 5, Perm_System_Menu_Edit, F, System:Menu:Edit, null, 99, null, null, null, System:Menu:Edit, 0, 0, 0, null, null, 0, 2026-08-20 15:37:57.414432
<==        Row: 15, 5, Perm_System_Menu_Delete, F, System:Menu:Delete, null, 99, null, null, null, System:Menu:Delete, 0, 0, 0, null, null, 0, 2026-08-20 15:37:57.414952
<==        Row: 17, 16, WsmStore, C, ø‚¥Ê, ic:baseline-inventory, 1, /wsm/store, /wsm/store/index, null, null, 0, 0, 0, super,admin, null, 0, 2026-08-20 15:37:57.416463
<==      Total: 17
Closing non transactional SqlSession [org.apache.ibatis.session.defaults.DefaultSqlSession@5339ed93]
Creating a new SqlSession
SqlSession [org.apache.ibatis.session.defaults.DefaultSqlSession@69f9dcc7] was not registered for synchronization because synchronization is not active
JDBC Connection [HikariProxyConnection@1629663575 wrapping conn0: url=jdbc:h2:mem:vben user=SA] will not be managed by Spring
==>  Preparing: SELECT DISTINCT m.* FROM sys_menu m JOIN sys_role_menu rm ON rm.menu_id = m.id JOIN sys_user_role ur ON ur.role_id = rm.role_id JOIN sys_role r ON r.id = ur.role_id WHERE ur.user_id = ? AND m.status = 0 AND r.status = 0 ORDER BY m.parent_id, m.order_num
==> Parameters: 1(Long)
<==    Columns: id, parent_id, menu_name, menu_type, title, icon, order_num, path, component, redirect, perm, visible, keep_alive, affix_tab, authority, extra_meta, status, create_time
<==        Row: 1, 0, Dashboard, M, page.dashboard.title, null, -1, /dashboard, null, /analytics, null, 0, 0, 0, null, null, 0, 2026-08-20 15:37:57.403075
<==        Row: 4, 0, Perm_System_User_List, F, System:User:List, null, 99, null, null, null, System:User:List, 0, 0, 0, null, null, 0, 2026-08-20 15:37:57.407063
<==        Row: 16, 0, Wsm, M, ø‚¥Êπ‹¿Ì, ic:baseline-inventory-2, 8000, /wsm, null, /wsm/store, null, 0, 0, 0, null, null, 0, 2026-08-20 15:37:57.415456
<==        Row: 5, 0, System, M, œµÕ≥π‹¿Ì, ic:baseline-settings, 9000, /system, null, /system/user, null, 0, 0, 0, null, null, 0, 2026-08-20 15:37:57.408113
<==        Row: 2, 1, Analytics, C, page.dashboard.analytics, null, 1, /analytics, /dashboard/analytics/index, null, null, 0, 0, 1, null, null, 0, 2026-08-20 15:37:57.404972
<==        Row: 3, 1, Workspace, C, page.dashboard.workspace, null, 2, /workspace, /dashboard/workspace/index, null, null, 0, 0, 0, null, null, 0, 2026-08-20 15:37:57.406022
<==        Row: 6, 5, SystemUser, C, ”√ªßπ‹¿Ì, ant-design:user-outlined, 1, /system/user, /system/user/index, null, null, 0, 0, 0, super,admin, null, 0, 2026-08-20 15:37:57.409152
<==        Row: 7, 5, SystemRole, C, Ω«…´π‹¿Ì, ant-design:user-switch-outlined, 2, /system/role, /system/role/index, null, null, 0, 0, 0, super,admin, null, 0, 2026-08-20 15:37:57.409672
<==        Row: 8, 5, SystemMenu, C, ≤Àµ•π‹¿Ì, ant-design:menu-outlined, 3, /system/menu, /system/menu/index, null, null, 0, 0, 0, super,admin, null, 0, 2026-08-20 15:37:57.410709
<==        Row: 9, 5, Perm_System_Role_Add, F, System:Role:Add, null, 99, null, null, null, System:Role:Add, 0, 0, 0, null, null, 0, 2026-08-20 15:37:57.411229
<==        Row: 10, 5, Perm_System_Role_Edit, F, System:Role:Edit, null, 99, null, null, null, System:Role:Edit, 0, 0, 0, null, null, 0, 2026-08-20 15:37:57.411757
<==        Row: 11, 5, Perm_System_Role_Delete, F, System:Role:Delete, null, 99, null, null, null, System:Role:Delete, 0, 0, 0, null, null, 0, 2026-08-20 15:37:57.412802
<==        Row: 12, 5, Perm_System_Role_Auth, F, System:Role:Auth, null, 99, null, null, null, System:Role:Auth, 0, 0, 0, null, null, 0, 2026-08-20 15:37:57.413394
<==        Row: 13, 5, Perm_System_Menu_Add, F, System:Menu:Add, null, 99, null, null, null, System:Menu:Add, 0, 0, 0, null, null, 0, 2026-08-20 15:37:57.413917
<==        Row: 14, 5, Perm_System_Menu_Edit, F, System:Menu:Edit, null, 99, null, null, null, System:Menu:Edit, 0, 0, 0, null, null, 0, 2026-08-20 15:37:57.414432
<==        Row: 15, 5, Perm_System_Menu_Delete, F, System:Menu:Delete, null, 99, null, null, null, System:Menu:Delete, 0, 0, 0, null, null, 0, 2026-08-20 15:37:57.414952
<==        Row: 17, 16, WsmStore, C, ø‚¥Ê, ic:baseline-inventory, 1, /wsm/store, /wsm/store/index, null, null, 0, 0, 0, super,admin, null, 0, 2026-08-20 15:37:57.416463
<==      Total: 17
Closing non transactional SqlSession [org.apache.ibatis.session.defaults.DefaultSqlSession@69f9dcc7]
Creating a new SqlSession
SqlSession [org.apache.ibatis.session.defaults.DefaultSqlSession@4fb3998e] was not registered for synchronization because synchronization is not active
JDBC Connection [HikariProxyConnection@979323987 wrapping conn0: url=jdbc:h2:mem:vben user=SA] will not be managed by Spring
==>  Preparing: SELECT id,username,password,nickname,home_path,status,create_time,update_time FROM sys_user WHERE id=?
==> Parameters: 1(Long)
<==    Columns: id, username, password, nickname, home_path, status, create_time, update_time
<==        Row: 1, vben, $2a$10$uDDG/ebHjkdNHuwE/DCW/.vkwS7R.TU4SJPTAg8deux0yQzzGHV/., Vben, null, 0, 2026-08-20 15:37:57.48917, 2026-08-20 15:37:57.48917
<==      Total: 1
Closing non transactional SqlSession [org.apache.ibatis.session.defaults.DefaultSqlSession@4fb3998e]
Creating a new SqlSession
SqlSession [org.apache.ibatis.session.defaults.DefaultSqlSession@79d7d85f] was not registered for synchronization because synchronization is not active
JDBC Connection [HikariProxyConnection@2098431798 wrapping conn0: url=jdbc:h2:mem:vben user=SA] will not be managed by Spring
==>  Preparing: SELECT r.role_key FROM sys_role r JOIN sys_user_role ur ON ur.role_id = r.id WHERE ur.user_id = ? AND r.status = 0
==> Parameters: 1(Long)
<==    Columns: role_key
<==        Row: super
<==      Total: 1
Closing non transactional SqlSession [org.apache.ibatis.session.defaults.DefaultSqlSession@79d7d85f]
Creating a new SqlSession
SqlSession [org.apache.ibatis.session.defaults.DefaultSqlSession@2e3f1ef3] was not registered for synchronization because synchronization is not active
JDBC Connection [HikariProxyConnection@1858269875 wrapping conn0: url=jdbc:h2:mem:vben user=SA] will not be managed by Spring
==>  Preparing: SELECT DISTINCT m.* FROM sys_menu m JOIN sys_role_menu rm ON rm.menu_id = m.id JOIN sys_user_role ur ON ur.role_id = rm.role_id JOIN sys_role r ON r.id = ur.role_id WHERE ur.user_id = ? AND m.status = 0 AND r.status = 0 ORDER BY m.parent_id, m.order_num
==> Parameters: 1(Long)
<==    Columns: id, parent_id, menu_name, menu_type, title, icon, order_num, path, component, redirect, perm, visible, keep_alive, affix_tab, authority, extra_meta, status, create_time
<==        Row: 1, 0, Dashboard, M, page.dashboard.title, null, -1, /dashboard, null, /analytics, null, 0, 0, 0, null, null, 0, 2026-08-20 15:37:57.403075
<==        Row: 4, 0, Perm_System_User_List, F, System:User:List, null, 99, null, null, null, System:User:List, 0, 0, 0, null, null, 0, 2026-08-20 15:37:57.407063
<==        Row: 16, 0, Wsm, M, ø‚¥Êπ‹¿Ì, ic:baseline-inventory-2, 8000, /wsm, null, /wsm/store, null, 0, 0, 0, null, null, 0, 2026-08-20 15:37:57.415456
<==        Row: 5, 0, System, M, œµÕ≥π‹¿Ì, ic:baseline-settings, 9000, /system, null, /system/user, null, 0, 0, 0, null, null, 0, 2026-08-20 15:37:57.408113
<==        Row: 2, 1, Analytics, C, page.dashboard.analytics, null, 1, /analytics, /dashboard/analytics/index, null, null, 0, 0, 1, null, null, 0, 2026-08-20 15:37:57.404972
<==        Row: 3, 1, Workspace, C, page.dashboard.workspace, null, 2, /workspace, /dashboard/workspace/index, null, null, 0, 0, 0, null, null, 0, 2026-08-20 15:37:57.406022
<==        Row: 6, 5, SystemUser, C, ”√ªßπ‹¿Ì, ant-design:user-outlined, 1, /system/user, /system/user/index, null, null, 0, 0, 0, super,admin, null, 0, 2026-08-20 15:37:57.409152
<==        Row: 7, 5, SystemRole, C, Ω«…´π‹¿Ì, ant-design:user-switch-outlined, 2, /system/role, /system/role/index, null, null, 0, 0, 0, super,admin, null, 0, 2026-08-20 15:37:57.409672
<==        Row: 8, 5, SystemMenu, C, ≤Àµ•π‹¿Ì, ant-design:menu-outlined, 3, /system/menu, /system/menu/index, null, null, 0, 0, 0, super,admin, null, 0, 2026-08-20 15:37:57.410709
<==        Row: 9, 5, Perm_System_Role_Add, F, System:Role:Add, null, 99, null, null, null, System:Role:Add, 0, 0, 0, null, null, 0, 2026-08-20 15:37:57.411229
<==        Row: 10, 5, Perm_System_Role_Edit, F, System:Role:Edit, null, 99, null, null, null, System:Role:Edit, 0, 0, 0, null, null, 0, 2026-08-20 15:37:57.411757
<==        Row: 11, 5, Perm_System_Role_Delete, F, System:Role:Delete, null, 99, null, null, null, System:Role:Delete, 0, 0, 0, null, null, 0, 2026-08-20 15:37:57.412802
<==        Row: 12, 5, Perm_System_Role_Auth, F, System:Role:Auth, null, 99, null, null, null, System:Role:Auth, 0, 0, 0, null, null, 0, 2026-08-20 15:37:57.413394
<==        Row: 13, 5, Perm_System_Menu_Add, F, System:Menu:Add, null, 99, null, null, null, System:Menu:Add, 0, 0, 0, null, null, 0, 2026-08-20 15:37:57.413917
<==        Row: 14, 5, Perm_System_Menu_Edit, F, System:Menu:Edit, null, 99, null, null, null, System:Menu:Edit, 0, 0, 0, null, null, 0, 2026-08-20 15:37:57.414432
<==        Row: 15, 5, Perm_System_Menu_Delete, F, System:Menu:Delete, null, 99, null, null, null, System:Menu:Delete, 0, 0, 0, null, null, 0, 2026-08-20 15:37:57.414952
<==        Row: 17, 16, WsmStore, C, ø‚¥Ê, ic:baseline-inventory, 1, /wsm/store, /wsm/store/index, null, null, 0, 0, 0, super,admin, null, 0, 2026-08-20 15:37:57.416463
<==      Total: 17
Closing non transactional SqlSession [org.apache.ibatis.session.defaults.DefaultSqlSession@2e3f1ef3]
Creating a new SqlSession
SqlSession [org.apache.ibatis.session.defaults.DefaultSqlSession@1e459559] was not registered for synchronization because synchronization is not active
JDBC Connection [HikariProxyConnection@1743502152 wrapping conn0: url=jdbc:h2:mem:vben user=SA] will not be managed by Spring
==>  Preparing: SELECT id,parent_id,menu_name,menu_type,title,icon,order_num,path,component,redirect,perm,visible,keep_alive,affix_tab,authority,extra_meta,status,create_time FROM sys_menu ORDER BY parent_id ASC,order_num ASC
==> Parameters: 
<==    Columns: id, parent_id, menu_name, menu_type, title, icon, order_num, path, component, redirect, perm, visible, keep_alive, affix_tab, authority, extra_meta, status, create_time
<==        Row: 1, 0, Dashboard, M, page.dashboard.title, null, -1, /dashboard, null, /analytics, null, 0, 0, 0, null, null, 0, 2026-08-20 15:37:57.403075
<==        Row: 4, 0, Perm_System_User_List, F, System:User:List, null, 99, null, null, null, System:User:List, 0, 0, 0, null, null, 0, 2026-08-20 15:37:57.407063
<==        Row: 16, 0, Wsm, M, ø‚¥Êπ‹¿Ì, ic:baseline-inventory-2, 8000, /wsm, null, /wsm/store, null, 0, 0, 0, null, null, 0, 2026-08-20 15:37:57.415456
<==        Row: 5, 0, System, M, œµÕ≥π‹¿Ì, ic:baseline-settings, 9000, /system, null, /system/user, null, 0, 0, 0, null, null, 0, 2026-08-20 15:37:57.408113
<==        Row: 2, 1, Analytics, C, page.dashboard.analytics, null, 1, /analytics, /dashboard/analytics/index, null, null, 0, 0, 1, null, null, 0, 2026-08-20 15:37:57.404972
<==        Row: 3, 1, Workspace, C, page.dashboard.workspace, null, 2, /workspace, /dashboard/workspace/index, null, null, 0, 0, 0, null, null, 0, 2026-08-20 15:37:57.406022
<==        Row: 6, 5, SystemUser, C, ”√ªßπ‹¿Ì, ant-design:user-outlined, 1, /system/user, /system/user/index, null, null, 0, 0, 0, super,admin, null, 0, 2026-08-20 15:37:57.409152
<==        Row: 7, 5, SystemRole, C, Ω«…´π‹¿Ì, ant-design:user-switch-outlined, 2, /system/role, /system/role/index, null, null, 0, 0, 0, super,admin, null, 0, 2026-08-20 15:37:57.409672
<==        Row: 8, 5, SystemMenu, C, ≤Àµ•π‹¿Ì, ant-design:menu-outlined, 3, /system/menu, /system/menu/index, null, null, 0, 0, 0, super,admin, null, 0, 2026-08-20 15:37:57.410709
<==        Row: 9, 5, Perm_System_Role_Add, F, System:Role:Add, null, 99, null, null, null, System:Role:Add, 0, 0, 0, null, null, 0, 2026-08-20 15:37:57.411229
<==        Row: 10, 5, Perm_System_Role_Edit, F, System:Role:Edit, null, 99, null, null, null, System:Role:Edit, 0, 0, 0, null, null, 0, 2026-08-20 15:37:57.411757
<==        Row: 11, 5, Perm_System_Role_Delete, F, System:Role:Delete, null, 99, null, null, null, System:Role:Delete, 0, 0, 0, null, null, 0, 2026-08-20 15:37:57.412802
<==        Row: 12, 5, Perm_System_Role_Auth, F, System:Role:Auth, null, 99, null, null, null, System:Role:Auth, 0, 0, 0, null, null, 0, 2026-08-20 15:37:57.413394
<==        Row: 13, 5, Perm_System_Menu_Add, F, System:Menu:Add, null, 99, null, null, null, System:Menu:Add, 0, 0, 0, null, null, 0, 2026-08-20 15:37:57.413917
<==        Row: 14, 5, Perm_System_Menu_Edit, F, System:Menu:Edit, null, 99, null, null, null, System:Menu:Edit, 0, 0, 0, null, null, 0, 2026-08-20 15:37:57.414432
<==        Row: 15, 5, Perm_System_Menu_Delete, F, System:Menu:Delete, null, 99, null, null, null, System:Menu:Delete, 0, 0, 0, null, null, 0, 2026-08-20 15:37:57.414952
<==        Row: 17, 16, WsmStore, C, ø‚¥Ê, ic:baseline-inventory, 1, /wsm/store, /wsm/store/index, null, null, 0, 0, 0, super,admin, null, 0, 2026-08-20 15:37:57.416463
<==      Total: 17
Closing non transactional SqlSession [org.apache.ibatis.session.defaults.DefaultSqlSession@1e459559]
Creating a new SqlSession
SqlSession [org.apache.ibatis.session.defaults.DefaultSqlSession@326f083f] was not registered for synchronization because synchronization is not active
JDBC Connection [HikariProxyConnection@983564278 wrapping conn0: url=jdbc:h2:mem:vben user=SA] will not be managed by Spring
==>  Preparing: SELECT id,username,password,nickname,home_path,status,create_time,update_time FROM sys_user WHERE id=?
==> Parameters: 1(Long)
<==    Columns: id, username, password, nickname, home_path, status, create_time, update_time
<==        Row: 1, vben, $2a$10$uDDG/ebHjkdNHuwE/DCW/.vkwS7R.TU4SJPTAg8deux0yQzzGHV/., Vben, null, 0, 2026-08-20 15:37:57.48917, 2026-08-20 15:37:57.48917
<==      Total: 1
Closing non transactional SqlSession [org.apache.ibatis.session.defaults.DefaultSqlSession@326f083f]
Creating a new SqlSession
SqlSession [org.apache.ibatis.session.defaults.DefaultSqlSession@7e70f0e7] was not registered for synchronization because synchronization is not active
JDBC Connection [HikariProxyConnection@2051132902 wrapping conn0: url=jdbc:h2:mem:vben user=SA] will not be managed by Spring
==>  Preparing: SELECT r.role_key FROM sys_role r JOIN sys_user_role ur ON ur.role_id = r.id WHERE ur.user_id = ? AND r.status = 0
==> Parameters: 1(Long)
<==    Columns: role_key
<==        Row: super
<==      Total: 1
Closing non transactional SqlSession [org.apache.ibatis.session.defaults.DefaultSqlSession@7e70f0e7]
Creating a new SqlSession
SqlSession [org.apache.ibatis.session.defaults.DefaultSqlSession@758025cc] was not registered for synchronization because synchronization is not active
JDBC Connection [HikariProxyConnection@2018821833 wrapping conn0: url=jdbc:h2:mem:vben user=SA] will not be managed by Spring
==>  Preparing: SELECT DISTINCT m.* FROM sys_menu m JOIN sys_role_menu rm ON rm.menu_id = m.id JOIN sys_user_role ur ON ur.role_id = rm.role_id JOIN sys_role r ON r.id = ur.role_id WHERE ur.user_id = ? AND m.status = 0 AND r.status = 0 ORDER BY m.parent_id, m.order_num
==> Parameters: 1(Long)
<==    Columns: id, parent_id, menu_name, menu_type, title, icon, order_num, path, component, redirect, perm, visible, keep_alive, affix_tab, authority, extra_meta, status, create_time
<==        Row: 1, 0, Dashboard, M, page.dashboard.title, null, -1, /dashboard, null, /analytics, null, 0, 0, 0, null, null, 0, 2026-08-20 15:37:57.403075
<==        Row: 4, 0, Perm_System_User_List, F, System:User:List, null, 99, null, null, null, System:User:List, 0, 0, 0, null, null, 0, 2026-08-20 15:37:57.407063
<==        Row: 16, 0, Wsm, M, ø‚¥Êπ‹¿Ì, ic:baseline-inventory-2, 8000, /wsm, null, /wsm/store, null, 0, 0, 0, null, null, 0, 2026-08-20 15:37:57.415456
<==        Row: 5, 0, System, M, œµÕ≥π‹¿Ì, ic:baseline-settings, 9000, /system, null, /system/user, null, 0, 0, 0, null, null, 0, 2026-08-20 15:37:57.408113
<==        Row: 2, 1, Analytics, C, page.dashboard.analytics, null, 1, /analytics, /dashboard/analytics/index, null, null, 0, 0, 1, null, null, 0, 2026-08-20 15:37:57.404972
<==        Row: 3, 1, Workspace, C, page.dashboard.workspace, null, 2, /workspace, /dashboard/workspace/index, null, null, 0, 0, 0, null, null, 0, 2026-08-20 15:37:57.406022
<==        Row: 6, 5, SystemUser, C, ”√ªßπ‹¿Ì, ant-design:user-outlined, 1, /system/user, /system/user/index, null, null, 0, 0, 0, super,admin, null, 0, 2026-08-20 15:37:57.409152
<==        Row: 7, 5, SystemRole, C, Ω«…´π‹¿Ì, ant-design:user-switch-outlined, 2, /system/role, /system/role/index, null, null, 0, 0, 0, super,admin, null, 0, 2026-08-20 15:37:57.409672
<==        Row: 8, 5, SystemMenu, C, ≤Àµ•π‹¿Ì, ant-design:menu-outlined, 3, /system/menu, /system/menu/index, null, null, 0, 0, 0, super,admin, null, 0, 2026-08-20 15:37:57.410709
<==        Row: 9, 5, Perm_System_Role_Add, F, System:Role:Add, null, 99, null, null, null, System:Role:Add, 0, 0, 0, null, null, 0, 2026-08-20 15:37:57.411229
<==        Row: 10, 5, Perm_System_Role_Edit, F, System:Role:Edit, null, 99, null, null, null, System:Role:Edit, 0, 0, 0, null, null, 0, 2026-08-20 15:37:57.411757
<==        Row: 11, 5, Perm_System_Role_Delete, F, System:Role:Delete, null, 99, null, null, null, System:Role:Delete, 0, 0, 0, null, null, 0, 2026-08-20 15:37:57.412802
<==        Row: 12, 5, Perm_System_Role_Auth, F, System:Role:Auth, null, 99, null, null, null, System:Role:Auth, 0, 0, 0, null, null, 0, 2026-08-20 15:37:57.413394
<==        Row: 13, 5, Perm_System_Menu_Add, F, System:Menu:Add, null, 99, null, null, null, System:Menu:Add, 0, 0, 0, null, null, 0, 2026-08-20 15:37:57.413917
<==        Row: 14, 5, Perm_System_Menu_Edit, F, System:Menu:Edit, null, 99, null, null, null, System:Menu:Edit, 0, 0, 0, null, null, 0, 2026-08-20 15:37:57.414432
<==        Row: 15, 5, Perm_System_Menu_Delete, F, System:Menu:Delete, null, 99, null, null, null, System:Menu:Delete, 0, 0, 0, null, null, 0, 2026-08-20 15:37:57.414952
<==        Row: 17, 16, WsmStore, C, ø‚¥Ê, ic:baseline-inventory, 1, /wsm/store, /wsm/store/index, null, null, 0, 0, 0, super,admin, null, 0, 2026-08-20 15:37:57.416463
<==      Total: 17
Closing non transactional SqlSession [org.apache.ibatis.session.defaults.DefaultSqlSession@758025cc]
Creating a new SqlSession
Registering transaction synchronization for SqlSession [org.apache.ibatis.session.defaults.DefaultSqlSession@46345d11]
JDBC Connection [HikariProxyConnection@615871607 wrapping conn0: url=jdbc:h2:mem:vben user=SA] will be managed by Spring
==>  Preparing: INSERT INTO sys_menu ( parent_id, menu_name, menu_type, title, icon, order_num, path, component, perm, visible, keep_alive, affix_tab, status ) VALUES ( ?, ?, ?, ?, ?, ?, ?, ?, ?, ?, ?, ?, ? )
==> Parameters: 16(Long), WsmTransport(String), M(String), ø‚¥ÊŒÔ¡˜(String), (String), 1(Integer), /wsm/transport(String), /wsm/transport/index(String), (String), 0(Integer), 0(Integer), 0(Integer), 0(Integer)
<==    Updates: 1
Releasing transactional SqlSession [org.apache.ibatis.session.defaults.DefaultSqlSession@46345d11]
Transaction synchronization committing SqlSession [org.apache.ibatis.session.defaults.DefaultSqlSession@46345d11]
Transaction synchronization deregistering SqlSession [org.apache.ibatis.session.defaults.DefaultSqlSession@46345d11]
Transaction synchronization closing SqlSession [org.apache.ibatis.session.defaults.DefaultSqlSession@46345d11]
Creating a new SqlSession
SqlSession [org.apache.ibatis.session.defaults.DefaultSqlSession@29a38592] was not registered for synchronization because synchronization is not active
JDBC Connection [HikariProxyConnection@660897494 wrapping conn0: url=jdbc:h2:mem:vben user=SA] will not be managed by Spring
==>  Preparing: SELECT id,username,password,nickname,home_path,status,create_time,update_time FROM sys_user WHERE id=?
==> Parameters: 1(Long)
<==    Columns: id, username, password, nickname, home_path, status, create_time, update_time
<==        Row: 1, vben, $2a$10$uDDG/ebHjkdNHuwE/DCW/.vkwS7R.TU4SJPTAg8deux0yQzzGHV/., Vben, null, 0, 2026-08-20 15:37:57.48917, 2026-08-20 15:37:57.48917
<==      Total: 1
Closing non transactional SqlSession [org.apache.ibatis.session.defaults.DefaultSqlSession@29a38592]
Creating a new SqlSession
SqlSession [org.apache.ibatis.session.defaults.DefaultSqlSession@235beee2] was not registered for synchronization because synchronization is not active
JDBC Connection [HikariProxyConnection@1717138669 wrapping conn0: url=jdbc:h2:mem:vben user=SA] will not be managed by Spring
==>  Preparing: SELECT r.role_key FROM sys_role r JOIN sys_user_role ur ON ur.role_id = r.id WHERE ur.user_id = ? AND r.status = 0
==> Parameters: 1(Long)
<==    Columns: role_key
<==        Row: super
<==      Total: 1
Closing non transactional SqlSession [org.apache.ibatis.session.defaults.DefaultSqlSession@235beee2]
Creating a new SqlSession
SqlSession [org.apache.ibatis.session.defaults.DefaultSqlSession@53e3f2a1] was not registered for synchronization because synchronization is not active
JDBC Connection [HikariProxyConnection@1475720389 wrapping conn0: url=jdbc:h2:mem:vben user=SA] will not be managed by Spring
==>  Preparing: SELECT DISTINCT m.* FROM sys_menu m JOIN sys_role_menu rm ON rm.menu_id = m.id JOIN sys_user_role ur ON ur.role_id = rm.role_id JOIN sys_role r ON r.id = ur.role_id WHERE ur.user_id = ? AND m.status = 0 AND r.status = 0 ORDER BY m.parent_id, m.order_num
==> Parameters: 1(Long)
<==    Columns: id, parent_id, menu_name, menu_type, title, icon, order_num, path, component, redirect, perm, visible, keep_alive, affix_tab, authority, extra_meta, status, create_time
<==        Row: 1, 0, Dashboard, M, page.dashboard.title, null, -1, /dashboard, null, /analytics, null, 0, 0, 0, null, null, 0, 2026-08-20 15:37:57.403075
<==        Row: 4, 0, Perm_System_User_List, F, System:User:List, null, 99, null, null, null, System:User:List, 0, 0, 0, null, null, 0, 2026-08-20 15:37:57.407063
<==        Row: 16, 0, Wsm, M, ø‚¥Êπ‹¿Ì, ic:baseline-inventory-2, 8000, /wsm, null, /wsm/store, null, 0, 0, 0, null, null, 0, 2026-08-20 15:37:57.415456
<==        Row: 5, 0, System, M, œµÕ≥π‹¿Ì, ic:baseline-settings, 9000, /system, null, /system/user, null, 0, 0, 0, null, null, 0, 2026-08-20 15:37:57.408113
<==        Row: 2, 1, Analytics, C, page.dashboard.analytics, null, 1, /analytics, /dashboard/analytics/index, null, null, 0, 0, 1, null, null, 0, 2026-08-20 15:37:57.404972
<==        Row: 3, 1, Workspace, C, page.dashboard.workspace, null, 2, /workspace, /dashboard/workspace/index, null, null, 0, 0, 0, null, null, 0, 2026-08-20 15:37:57.406022
<==        Row: 6, 5, SystemUser, C, ”√ªßπ‹¿Ì, ant-design:user-outlined, 1, /system/user, /system/user/index, null, null, 0, 0, 0, super,admin, null, 0, 2026-08-20 15:37:57.409152
<==        Row: 7, 5, SystemRole, C, Ω«…´π‹¿Ì, ant-design:user-switch-outlined, 2, /system/role, /system/role/index, null, null, 0, 0, 0, super,admin, null, 0, 2026-08-20 15:37:57.409672
<==        Row: 8, 5, SystemMenu, C, ≤Àµ•π‹¿Ì, ant-design:menu-outlined, 3, /system/menu, /system/menu/index, null, null, 0, 0, 0, super,admin, null, 0, 2026-08-20 15:37:57.410709
<==        Row: 9, 5, Perm_System_Role_Add, F, System:Role:Add, null, 99, null, null, null, System:Role:Add, 0, 0, 0, null, null, 0, 2026-08-20 15:37:57.411229
<==        Row: 10, 5, Perm_System_Role_Edit, F, System:Role:Edit, null, 99, null, null, null, System:Role:Edit, 0, 0, 0, null, null, 0, 2026-08-20 15:37:57.411757
<==        Row: 11, 5, Perm_System_Role_Delete, F, System:Role:Delete, null, 99, null, null, null, System:Role:Delete, 0, 0, 0, null, null, 0, 2026-08-20 15:37:57.412802
<==        Row: 12, 5, Perm_System_Role_Auth, F, System:Role:Auth, null, 99, null, null, null, System:Role:Auth, 0, 0, 0, null, null, 0, 2026-08-20 15:37:57.413394
<==        Row: 13, 5, Perm_System_Menu_Add, F, System:Menu:Add, null, 99, null, null, null, System:Menu:Add, 0, 0, 0, null, null, 0, 2026-08-20 15:37:57.413917
<==        Row: 14, 5, Perm_System_Menu_Edit, F, System:Menu:Edit, null, 99, null, null, null, System:Menu:Edit, 0, 0, 0, null, null, 0, 2026-08-20 15:37:57.414432
<==        Row: 15, 5, Perm_System_Menu_Delete, F, System:Menu:Delete, null, 99, null, null, null, System:Menu:Delete, 0, 0, 0, null, null, 0, 2026-08-20 15:37:57.414952
<==        Row: 17, 16, WsmStore, C, ø‚¥Ê, ic:baseline-inventory, 1, /wsm/store, /wsm/store/index, null, null, 0, 0, 0, super,admin, null, 0, 2026-08-20 15:37:57.416463
<==      Total: 17
Closing non transactional SqlSession [org.apache.ibatis.session.defaults.DefaultSqlSession@53e3f2a1]
Creating a new SqlSession
SqlSession [org.apache.ibatis.session.defaults.DefaultSqlSession@2ba56c27] was not registered for synchronization because synchronization is not active
JDBC Connection [HikariProxyConnection@108432290 wrapping conn0: url=jdbc:h2:mem:vben user=SA] will not be managed by Spring
==>  Preparing: SELECT id,parent_id,menu_name,menu_type,title,icon,order_num,path,component,redirect,perm,visible,keep_alive,affix_tab,authority,extra_meta,status,create_time FROM sys_menu ORDER BY parent_id ASC,order_num ASC
==> Parameters: 
<==    Columns: id, parent_id, menu_name, menu_type, title, icon, order_num, path, component, redirect, perm, visible, keep_alive, affix_tab, authority, extra_meta, status, create_time
<==        Row: 1, 0, Dashboard, M, page.dashboard.title, null, -1, /dashboard, null, /analytics, null, 0, 0, 0, null, null, 0, 2026-08-20 15:37:57.403075
<==        Row: 4, 0, Perm_System_User_List, F, System:User:List, null, 99, null, null, null, System:User:List, 0, 0, 0, null, null, 0, 2026-08-20 15:37:57.407063
<==        Row: 16, 0, Wsm, M, ø‚¥Êπ‹¿Ì, ic:baseline-inventory-2, 8000, /wsm, null, /wsm/store, null, 0, 0, 0, null, null, 0, 2026-08-20 15:37:57.415456
<==        Row: 5, 0, System, M, œµÕ≥π‹¿Ì, ic:baseline-settings, 9000, /system, null, /system/user, null, 0, 0, 0, null, null, 0, 2026-08-20 15:37:57.408113
<==        Row: 2, 1, Analytics, C, page.dashboard.analytics, null, 1, /analytics, /dashboard/analytics/index, null, null, 0, 0, 1, null, null, 0, 2026-08-20 15:37:57.404972
<==        Row: 3, 1, Workspace, C, page.dashboard.workspace, null, 2, /workspace, /dashboard/workspace/index, null, null, 0, 0, 0, null, null, 0, 2026-08-20 15:37:57.406022
<==        Row: 6, 5, SystemUser, C, ”√ªßπ‹¿Ì, ant-design:user-outlined, 1, /system/user, /system/user/index, null, null, 0, 0, 0, super,admin, null, 0, 2026-08-20 15:37:57.409152
<==        Row: 7, 5, SystemRole, C, Ω«…´π‹¿Ì, ant-design:user-switch-outlined, 2, /system/role, /system/role/index, null, null, 0, 0, 0, super,admin, null, 0, 2026-08-20 15:37:57.409672
<==        Row: 8, 5, SystemMenu, C, ≤Àµ•π‹¿Ì, ant-design:menu-outlined, 3, /system/menu, /system/menu/index, null, null, 0, 0, 0, super,admin, null, 0, 2026-08-20 15:37:57.410709
<==        Row: 9, 5, Perm_System_Role_Add, F, System:Role:Add, null, 99, null, null, null, System:Role:Add, 0, 0, 0, null, null, 0, 2026-08-20 15:37:57.411229
<==        Row: 10, 5, Perm_System_Role_Edit, F, System:Role:Edit, null, 99, null, null, null, System:Role:Edit, 0, 0, 0, null, null, 0, 2026-08-20 15:37:57.411757
<==        Row: 11, 5, Perm_System_Role_Delete, F, System:Role:Delete, null, 99, null, null, null, System:Role:Delete, 0, 0, 0, null, null, 0, 2026-08-20 15:37:57.412802
<==        Row: 12, 5, Perm_System_Role_Auth, F, System:Role:Auth, null, 99, null, null, null, System:Role:Auth, 0, 0, 0, null, null, 0, 2026-08-20 15:37:57.413394
<==        Row: 13, 5, Perm_System_Menu_Add, F, System:Menu:Add, null, 99, null, null, null, System:Menu:Add, 0, 0, 0, null, null, 0, 2026-08-20 15:37:57.413917
<==        Row: 14, 5, Perm_System_Menu_Edit, F, System:Menu:Edit, null, 99, null, null, null, System:Menu:Edit, 0, 0, 0, null, null, 0, 2026-08-20 15:37:57.414432
<==        Row: 15, 5, Perm_System_Menu_Delete, F, System:Menu:Delete, null, 99, null, null, null, System:Menu:Delete, 0, 0, 0, null, null, 0, 2026-08-20 15:37:57.414952
<==        Row: 17, 16, WsmStore, C, ø‚¥Ê, ic:baseline-inventory, 1, /wsm/store, /wsm/store/index, null, null, 0, 0, 0, super,admin, null, 0, 2026-08-20 15:37:57.416463
<==        Row: 18, 16, WsmTransport, M, ø‚¥ÊŒÔ¡˜, , 1, /wsm/transport, /wsm/transport/index, null, , 0, 0, 0, null, null, 0, 2026-08-20 15:43:04.77061
<==      Total: 18
Closing non transactional SqlSession [org.apache.ibatis.session.defaults.DefaultSqlSession@2ba56c27]
Creating a new SqlSession
SqlSession [org.apache.ibatis.session.defaults.DefaultSqlSession@415b9a2b] was not registered for synchronization because synchronization is not active
JDBC Connection [HikariProxyConnection@531188547 wrapping conn0: url=jdbc:h2:mem:vben user=SA] will not be managed by Spring
==>  Preparing: SELECT id,username,password,nickname,home_path,status,create_time,update_time FROM sys_user WHERE id=?
==> Parameters: 1(Long)
<==    Columns: id, username, password, nickname, home_path, status, create_time, update_time
<==        Row: 1, vben, $2a$10$uDDG/ebHjkdNHuwE/DCW/.vkwS7R.TU4SJPTAg8deux0yQzzGHV/., Vben, null, 0, 2026-08-20 15:37:57.48917, 2026-08-20 15:37:57.48917
<==      Total: 1
Closing non transactional SqlSession [org.apache.ibatis.session.defaults.DefaultSqlSession@415b9a2b]
Creating a new SqlSession
SqlSession [org.apache.ibatis.session.defaults.DefaultSqlSession@44ba8e04] was not registered for synchronization because synchronization is not active
JDBC Connection [HikariProxyConnection@1384611379 wrapping conn0: url=jdbc:h2:mem:vben user=SA] will not be managed by Spring
==>  Preparing: SELECT r.role_key FROM sys_role r JOIN sys_user_role ur ON ur.role_id = r.id WHERE ur.user_id = ? AND r.status = 0
==> Parameters: 1(Long)
<==    Columns: role_key
<==        Row: super
<==      Total: 1
Closing non transactional SqlSession [org.apache.ibatis.session.defaults.DefaultSqlSession@44ba8e04]
Creating a new SqlSession
SqlSession [org.apache.ibatis.session.defaults.DefaultSqlSession@4f103c8a] was not registered for synchronization because synchronization is not active
JDBC Connection [HikariProxyConnection@439784824 wrapping conn0: url=jdbc:h2:mem:vben user=SA] will not be managed by Spring
==>  Preparing: SELECT DISTINCT m.* FROM sys_menu m JOIN sys_role_menu rm ON rm.menu_id = m.id JOIN sys_user_role ur ON ur.role_id = rm.role_id JOIN sys_role r ON r.id = ur.role_id WHERE ur.user_id = ? AND m.status = 0 AND r.status = 0 ORDER BY m.parent_id, m.order_num
==> Parameters: 1(Long)
<==    Columns: id, parent_id, menu_name, menu_type, title, icon, order_num, path, component, redirect, perm, visible, keep_alive, affix_tab, authority, extra_meta, status, create_time
<==        Row: 1, 0, Dashboard, M, page.dashboard.title, null, -1, /dashboard, null, /analytics, null, 0, 0, 0, null, null, 0, 2026-08-20 15:37:57.403075
<==        Row: 4, 0, Perm_System_User_List, F, System:User:List, null, 99, null, null, null, System:User:List, 0, 0, 0, null, null, 0, 2026-08-20 15:37:57.407063
<==        Row: 16, 0, Wsm, M, ø‚¥Êπ‹¿Ì, ic:baseline-inventory-2, 8000, /wsm, null, /wsm/store, null, 0, 0, 0, null, null, 0, 2026-08-20 15:37:57.415456
<==        Row: 5, 0, System, M, œµÕ≥π‹¿Ì, ic:baseline-settings, 9000, /system, null, /system/user, null, 0, 0, 0, null, null, 0, 2026-08-20 15:37:57.408113
<==        Row: 2, 1, Analytics, C, page.dashboard.analytics, null, 1, /analytics, /dashboard/analytics/index, null, null, 0, 0, 1, null, null, 0, 2026-08-20 15:37:57.404972
<==        Row: 3, 1, Workspace, C, page.dashboard.workspace, null, 2, /workspace, /dashboard/workspace/index, null, null, 0, 0, 0, null, null, 0, 2026-08-20 15:37:57.406022
<==        Row: 6, 5, SystemUser, C, ”√ªßπ‹¿Ì, ant-design:user-outlined, 1, /system/user, /system/user/index, null, null, 0, 0, 0, super,admin, null, 0, 2026-08-20 15:37:57.409152
<==        Row: 7, 5, SystemRole, C, Ω«…´π‹¿Ì, ant-design:user-switch-outlined, 2, /system/role, /system/role/index, null, null, 0, 0, 0, super,admin, null, 0, 2026-08-20 15:37:57.409672
<==        Row: 8, 5, SystemMenu, C, ≤Àµ•π‹¿Ì, ant-design:menu-outlined, 3, /system/menu, /system/menu/index, null, null, 0, 0, 0, super,admin, null, 0, 2026-08-20 15:37:57.410709
<==        Row: 9, 5, Perm_System_Role_Add, F, System:Role:Add, null, 99, null, null, null, System:Role:Add, 0, 0, 0, null, null, 0, 2026-08-20 15:37:57.411229
<==        Row: 10, 5, Perm_System_Role_Edit, F, System:Role:Edit, null, 99, null, null, null, System:Role:Edit, 0, 0, 0, null, null, 0, 2026-08-20 15:37:57.411757
<==        Row: 11, 5, Perm_System_Role_Delete, F, System:Role:Delete, null, 99, null, null, null, System:Role:Delete, 0, 0, 0, null, null, 0, 2026-08-20 15:37:57.412802
<==        Row: 12, 5, Perm_System_Role_Auth, F, System:Role:Auth, null, 99, null, null, null, System:Role:Auth, 0, 0, 0, null, null, 0, 2026-08-20 15:37:57.413394
<==        Row: 13, 5, Perm_System_Menu_Add, F, System:Menu:Add, null, 99, null, null, null, System:Menu:Add, 0, 0, 0, null, null, 0, 2026-08-20 15:37:57.413917
<==        Row: 14, 5, Perm_System_Menu_Edit, F, System:Menu:Edit, null, 99, null, null, null, System:Menu:Edit, 0, 0, 0, null, null, 0, 2026-08-20 15:37:57.414432
<==        Row: 15, 5, Perm_System_Menu_Delete, F, System:Menu:Delete, null, 99, null, null, null, System:Menu:Delete, 0, 0, 0, null, null, 0, 2026-08-20 15:37:57.414952
<==        Row: 17, 16, WsmStore, C, ø‚¥Ê, ic:baseline-inventory, 1, /wsm/store, /wsm/store/index, null, null, 0, 0, 0, super,admin, null, 0, 2026-08-20 15:37:57.416463
<==      Total: 17
Closing non transactional SqlSession [org.apache.ibatis.session.defaults.DefaultSqlSession@4f103c8a]
Creating a new SqlSession
SqlSession [org.apache.ibatis.session.defaults.DefaultSqlSession@aece294] was not registered for synchronization because synchronization is not active
JDBC Connection [HikariProxyConnection@1676895004 wrapping conn0: url=jdbc:h2:mem:vben user=SA] will not be managed by Spring
==>  Preparing: SELECT id,parent_id,menu_name,menu_type,title,icon,order_num,path,component,redirect,perm,visible,keep_alive,affix_tab,authority,extra_meta,status,create_time FROM sys_menu ORDER BY parent_id ASC,order_num ASC
==> Parameters: 
<==    Columns: id, parent_id, menu_name, menu_type, title, icon, order_num, path, component, redirect, perm, visible, keep_alive, affix_tab, authority, extra_meta, status, create_time
<==        Row: 1, 0, Dashboard, M, page.dashboard.title, null, -1, /dashboard, null, /analytics, null, 0, 0, 0, null, null, 0, 2026-08-20 15:37:57.403075
<==        Row: 4, 0, Perm_System_User_List, F, System:User:List, null, 99, null, null, null, System:User:List, 0, 0, 0, null, null, 0, 2026-08-20 15:37:57.407063
<==        Row: 16, 0, Wsm, M, ø‚¥Êπ‹¿Ì, ic:baseline-inventory-2, 8000, /wsm, null, /wsm/store, null, 0, 0, 0, null, null, 0, 2026-08-20 15:37:57.415456
<==        Row: 5, 0, System, M, œµÕ≥π‹¿Ì, ic:baseline-settings, 9000, /system, null, /system/user, null, 0, 0, 0, null, null, 0, 2026-08-20 15:37:57.408113
<==        Row: 2, 1, Analytics, C, page.dashboard.analytics, null, 1, /analytics, /dashboard/analytics/index, null, null, 0, 0, 1, null, null, 0, 2026-08-20 15:37:57.404972
<==        Row: 3, 1, Workspace, C, page.dashboard.workspace, null, 2, /workspace, /dashboard/workspace/index, null, null, 0, 0, 0, null, null, 0, 2026-08-20 15:37:57.406022
<==        Row: 6, 5, SystemUser, C, ”√ªßπ‹¿Ì, ant-design:user-outlined, 1, /system/user, /system/user/index, null, null, 0, 0, 0, super,admin, null, 0, 2026-08-20 15:37:57.409152
<==        Row: 7, 5, SystemRole, C, Ω«…´π‹¿Ì, ant-design:user-switch-outlined, 2, /system/role, /system/role/index, null, null, 0, 0, 0, super,admin, null, 0, 2026-08-20 15:37:57.409672
<==        Row: 8, 5, SystemMenu, C, ≤Àµ•π‹¿Ì, ant-design:menu-outlined, 3, /system/menu, /system/menu/index, null, null, 0, 0, 0, super,admin, null, 0, 2026-08-20 15:37:57.410709
<==        Row: 9, 5, Perm_System_Role_Add, F, System:Role:Add, null, 99, null, null, null, System:Role:Add, 0, 0, 0, null, null, 0, 2026-08-20 15:37:57.411229
<==        Row: 10, 5, Perm_System_Role_Edit, F, System:Role:Edit, null, 99, null, null, null, System:Role:Edit, 0, 0, 0, null, null, 0, 2026-08-20 15:37:57.411757
<==        Row: 11, 5, Perm_System_Role_Delete, F, System:Role:Delete, null, 99, null, null, null, System:Role:Delete, 0, 0, 0, null, null, 0, 2026-08-20 15:37:57.412802
<==        Row: 12, 5, Perm_System_Role_Auth, F, System:Role:Auth, null, 99, null, null, null, System:Role:Auth, 0, 0, 0, null, null, 0, 2026-08-20 15:37:57.413394
<==        Row: 13, 5, Perm_System_Menu_Add, F, System:Menu:Add, null, 99, null, null, null, System:Menu:Add, 0, 0, 0, null, null, 0, 2026-08-20 15:37:57.413917
<==        Row: 14, 5, Perm_System_Menu_Edit, F, System:Menu:Edit, null, 99, null, null, null, System:Menu:Edit, 0, 0, 0, null, null, 0, 2026-08-20 15:37:57.414432
<==        Row: 15, 5, Perm_System_Menu_Delete, F, System:Menu:Delete, null, 99, null, null, null, System:Menu:Delete, 0, 0, 0, null, null, 0, 2026-08-20 15:37:57.414952
<==        Row: 17, 16, WsmStore, C, ø‚¥Ê, ic:baseline-inventory, 1, /wsm/store, /wsm/store/index, null, null, 0, 0, 0, super,admin, null, 0, 2026-08-20 15:37:57.416463
<==        Row: 18, 16, WsmTransport, M, ø‚¥ÊŒÔ¡˜, , 1, /wsm/transport, /wsm/transport/index, null, , 0, 0, 0, null, null, 0, 2026-08-20 15:43:04.77061
<==      Total: 18
Closing non transactional SqlSession [org.apache.ibatis.session.defaults.DefaultSqlSession@aece294]
Creating a new SqlSession
SqlSession [org.apache.ibatis.session.defaults.DefaultSqlSession@646fcf16] was not registered for synchronization because synchronization is not active
JDBC Connection [HikariProxyConnection@1603345436 wrapping conn0: url=jdbc:h2:mem:vben user=SA] will not be managed by Spring
==>  Preparing: SELECT id,username,password,nickname,home_path,status,create_time,update_time FROM sys_user WHERE id=?
==> Parameters: 1(Long)
<==    Columns: id, username, password, nickname, home_path, status, create_time, update_time
<==        Row: 1, vben, $2a$10$uDDG/ebHjkdNHuwE/DCW/.vkwS7R.TU4SJPTAg8deux0yQzzGHV/., Vben, null, 0, 2026-08-20 15:37:57.48917, 2026-08-20 15:37:57.48917
<==      Total: 1
Closing non transactional SqlSession [org.apache.ibatis.session.defaults.DefaultSqlSession@646fcf16]
Creating a new SqlSession
SqlSession [org.apache.ibatis.session.defaults.DefaultSqlSession@5d74f25] was not registered for synchronization because synchronization is not active
JDBC Connection [HikariProxyConnection@95764971 wrapping conn0: url=jdbc:h2:mem:vben user=SA] will not be managed by Spring
==>  Preparing: SELECT r.role_key FROM sys_role r JOIN sys_user_role ur ON ur.role_id = r.id WHERE ur.user_id = ? AND r.status = 0
==> Parameters: 1(Long)
<==    Columns: role_key
<==        Row: super
<==      Total: 1
Closing non transactional SqlSession [org.apache.ibatis.session.defaults.DefaultSqlSession@5d74f25]
Creating a new SqlSession
SqlSession [org.apache.ibatis.session.defaults.DefaultSqlSession@1f383934] was not registered for synchronization because synchronization is not active
JDBC Connection [HikariProxyConnection@1209972531 wrapping conn0: url=jdbc:h2:mem:vben user=SA] will not be managed by Spring
==>  Preparing: SELECT DISTINCT m.* FROM sys_menu m JOIN sys_role_menu rm ON rm.menu_id = m.id JOIN sys_user_role ur ON ur.role_id = rm.role_id JOIN sys_role r ON r.id = ur.role_id WHERE ur.user_id = ? AND m.status = 0 AND r.status = 0 ORDER BY m.parent_id, m.order_num
==> Parameters: 1(Long)
<==    Columns: id, parent_id, menu_name, menu_type, title, icon, order_num, path, component, redirect, perm, visible, keep_alive, affix_tab, authority, extra_meta, status, create_time
<==        Row: 1, 0, Dashboard, M, page.dashboard.title, null, -1, /dashboard, null, /analytics, null, 0, 0, 0, null, null, 0, 2026-08-20 15:37:57.403075
<==        Row: 4, 0, Perm_System_User_List, F, System:User:List, null, 99, null, null, null, System:User:List, 0, 0, 0, null, null, 0, 2026-08-20 15:37:57.407063
<==        Row: 16, 0, Wsm, M, ø‚¥Êπ‹¿Ì, ic:baseline-inventory-2, 8000, /wsm, null, /wsm/store, null, 0, 0, 0, null, null, 0, 2026-08-20 15:37:57.415456
<==        Row: 5, 0, System, M, œµÕ≥π‹¿Ì, ic:baseline-settings, 9000, /system, null, /system/user, null, 0, 0, 0, null, null, 0, 2026-08-20 15:37:57.408113
<==        Row: 2, 1, Analytics, C, page.dashboard.analytics, null, 1, /analytics, /dashboard/analytics/index, null, null, 0, 0, 1, null, null, 0, 2026-08-20 15:37:57.404972
<==        Row: 3, 1, Workspace, C, page.dashboard.workspace, null, 2, /workspace, /dashboard/workspace/index, null, null, 0, 0, 0, null, null, 0, 2026-08-20 15:37:57.406022
<==        Row: 6, 5, SystemUser, C, ”√ªßπ‹¿Ì, ant-design:user-outlined, 1, /system/user, /system/user/index, null, null, 0, 0, 0, super,admin, null, 0, 2026-08-20 15:37:57.409152
<==        Row: 7, 5, SystemRole, C, Ω«…´π‹¿Ì, ant-design:user-switch-outlined, 2, /system/role, /system/role/index, null, null, 0, 0, 0, super,admin, null, 0, 2026-08-20 15:37:57.409672
<==        Row: 8, 5, SystemMenu, C, ≤Àµ•π‹¿Ì, ant-design:menu-outlined, 3, /system/menu, /system/menu/index, null, null, 0, 0, 0, super,admin, null, 0, 2026-08-20 15:37:57.410709
<==        Row: 9, 5, Perm_System_Role_Add, F, System:Role:Add, null, 99, null, null, null, System:Role:Add, 0, 0, 0, null, null, 0, 2026-08-20 15:37:57.411229
<==        Row: 10, 5, Perm_System_Role_Edit, F, System:Role:Edit, null, 99, null, null, null, System:Role:Edit, 0, 0, 0, null, null, 0, 2026-08-20 15:37:57.411757
<==        Row: 11, 5, Perm_System_Role_Delete, F, System:Role:Delete, null, 99, null, null, null, System:Role:Delete, 0, 0, 0, null, null, 0, 2026-08-20 15:37:57.412802
<==        Row: 12, 5, Perm_System_Role_Auth, F, System:Role:Auth, null, 99, null, null, null, System:Role:Auth, 0, 0, 0, null, null, 0, 2026-08-20 15:37:57.413394
<==        Row: 13, 5, Perm_System_Menu_Add, F, System:Menu:Add, null, 99, null, null, null, System:Menu:Add, 0, 0, 0, null, null, 0, 2026-08-20 15:37:57.413917
<==        Row: 14, 5, Perm_System_Menu_Edit, F, System:Menu:Edit, null, 99, null, null, null, System:Menu:Edit, 0, 0, 0, null, null, 0, 2026-08-20 15:37:57.414432
<==        Row: 15, 5, Perm_System_Menu_Delete, F, System:Menu:Delete, null, 99, null, null, null, System:Menu:Delete, 0, 0, 0, null, null, 0, 2026-08-20 15:37:57.414952
<==        Row: 17, 16, WsmStore, C, ø‚¥Ê, ic:baseline-inventory, 1, /wsm/store, /wsm/store/index, null, null, 0, 0, 0, super,admin, null, 0, 2026-08-20 15:37:57.416463
<==      Total: 17
Closing non transactional SqlSession [org.apache.ibatis.session.defaults.DefaultSqlSession@1f383934]
Creating a new SqlSession
Registering transaction synchronization for SqlSession [org.apache.ibatis.session.defaults.DefaultSqlSession@47c3fd4a]
JDBC Connection [HikariProxyConnection@250738609 wrapping conn0: url=jdbc:h2:mem:vben user=SA] will be managed by Spring
==>  Preparing: SELECT id,parent_id,menu_name,menu_type,title,icon,order_num,path,component,redirect,perm,visible,keep_alive,affix_tab,authority,extra_meta,status,create_time FROM sys_menu WHERE id=?
==> Parameters: 18(Long)
<==    Columns: id, parent_id, menu_name, menu_type, title, icon, order_num, path, component, redirect, perm, visible, keep_alive, affix_tab, authority, extra_meta, status, create_time
<==        Row: 18, 16, WsmTransport, M, ø‚¥ÊŒÔ¡˜, , 1, /wsm/transport, /wsm/transport/index, null, , 0, 0, 0, null, null, 0, 2026-08-20 15:43:04.77061
<==      Total: 1
Releasing transactional SqlSession [org.apache.ibatis.session.defaults.DefaultSqlSession@47c3fd4a]
Fetched SqlSession [org.apache.ibatis.session.defaults.DefaultSqlSession@47c3fd4a] from current transaction
==>  Preparing: UPDATE sys_menu SET parent_id=?, menu_name=?, menu_type=?, title=?, icon=?, order_num=?, path=?, component=?, perm=?, visible=?, keep_alive=?, affix_tab=?, status=?, create_time=? WHERE id=?
==> Parameters: 16(Long), WsmTransport(String), C(String), ø‚¥ÊŒÔ¡˜(String), (String), 1(Integer), /wsm/transport(String), /wsm/transport/index(String), (String), 0(Integer), 0(Integer), 0(Integer), 0(Integer), 2026-08-20T15:43:04.770610(LocalDateTime), 18(Long)
<==    Updates: 1
Releasing transactional SqlSession [org.apache.ibatis.session.defaults.DefaultSqlSession@47c3fd4a]
Transaction synchronization committing SqlSession [org.apache.ibatis.session.defaults.DefaultSqlSession@47c3fd4a]
Transaction synchronization deregistering SqlSession [org.apache.ibatis.session.defaults.DefaultSqlSession@47c3fd4a]
Transaction synchronization closing SqlSession [org.apache.ibatis.session.defaults.DefaultSqlSession@47c3fd4a]
Creating a new SqlSession
SqlSession [org.apache.ibatis.session.defaults.DefaultSqlSession@23a7ab5b] was not registered for synchronization because synchronization is not active
JDBC Connection [HikariProxyConnection@886922115 wrapping conn1: url=jdbc:h2:mem:vben user=SA] will not be managed by Spring
==>  Preparing: SELECT id,username,password,nickname,home_path,status,create_time,update_time FROM sys_user WHERE id=?
==> Parameters: 1(Long)
<==    Columns: id, username, password, nickname, home_path, status, create_time, update_time
<==        Row: 1, vben, $2a$10$uDDG/ebHjkdNHuwE/DCW/.vkwS7R.TU4SJPTAg8deux0yQzzGHV/., Vben, null, 0, 2026-08-20 15:37:57.48917, 2026-08-20 15:37:57.48917
<==      Total: 1
Closing non transactional SqlSession [org.apache.ibatis.session.defaults.DefaultSqlSession@23a7ab5b]
Creating a new SqlSession
SqlSession [org.apache.ibatis.session.defaults.DefaultSqlSession@3fc4112a] was not registered for synchronization because synchronization is not active
JDBC Connection [HikariProxyConnection@1985173020 wrapping conn1: url=jdbc:h2:mem:vben user=SA] will not be managed by Spring
==>  Preparing: SELECT r.role_key FROM sys_role r JOIN sys_user_role ur ON ur.role_id = r.id WHERE ur.user_id = ? AND r.status = 0
==> Parameters: 1(Long)
<==    Columns: role_key
<==        Row: super
<==      Total: 1
Closing non transactional SqlSession [org.apache.ibatis.session.defaults.DefaultSqlSession@3fc4112a]
Creating a new SqlSession
SqlSession [org.apache.ibatis.session.defaults.DefaultSqlSession@6830c6fe] was not registered for synchronization because synchronization is not active
JDBC Connection [HikariProxyConnection@921667896 wrapping conn1: url=jdbc:h2:mem:vben user=SA] will not be managed by Spring
==>  Preparing: SELECT DISTINCT m.* FROM sys_menu m JOIN sys_role_menu rm ON rm.menu_id = m.id JOIN sys_user_role ur ON ur.role_id = rm.role_id JOIN sys_role r ON r.id = ur.role_id WHERE ur.user_id = ? AND m.status = 0 AND r.status = 0 ORDER BY m.parent_id, m.order_num
==> Parameters: 1(Long)
<==    Columns: id, parent_id, menu_name, menu_type, title, icon, order_num, path, component, redirect, perm, visible, keep_alive, affix_tab, authority, extra_meta, status, create_time
<==        Row: 1, 0, Dashboard, M, page.dashboard.title, null, -1, /dashboard, null, /analytics, null, 0, 0, 0, null, null, 0, 2026-08-20 15:37:57.403075
<==        Row: 4, 0, Perm_System_User_List, F, System:User:List, null, 99, null, null, null, System:User:List, 0, 0, 0, null, null, 0, 2026-08-20 15:37:57.407063
<==        Row: 16, 0, Wsm, M, ø‚¥Êπ‹¿Ì, ic:baseline-inventory-2, 8000, /wsm, null, /wsm/store, null, 0, 0, 0, null, null, 0, 2026-08-20 15:37:57.415456
<==        Row: 5, 0, System, M, œµÕ≥π‹¿Ì, ic:baseline-settings, 9000, /system, null, /system/user, null, 0, 0, 0, null, null, 0, 2026-08-20 15:37:57.408113
<==        Row: 2, 1, Analytics, C, page.dashboard.analytics, null, 1, /analytics, /dashboard/analytics/index, null, null, 0, 0, 1, null, null, 0, 2026-08-20 15:37:57.404972
<==        Row: 3, 1, Workspace, C, page.dashboard.workspace, null, 2, /workspace, /dashboard/workspace/index, null, null, 0, 0, 0, null, null, 0, 2026-08-20 15:37:57.406022
<==        Row: 6, 5, SystemUser, C, ”√ªßπ‹¿Ì, ant-design:user-outlined, 1, /system/user, /system/user/index, null, null, 0, 0, 0, super,admin, null, 0, 2026-08-20 15:37:57.409152
<==        Row: 7, 5, SystemRole, C, Ω«…´π‹¿Ì, ant-design:user-switch-outlined, 2, /system/role, /system/role/index, null, null, 0, 0, 0, super,admin, null, 0, 2026-08-20 15:37:57.409672
<==        Row: 8, 5, SystemMenu, C, ≤Àµ•π‹¿Ì, ant-design:menu-outlined, 3, /system/menu, /system/menu/index, null, null, 0, 0, 0, super,admin, null, 0, 2026-08-20 15:37:57.410709
<==        Row: 9, 5, Perm_System_Role_Add, F, System:Role:Add, null, 99, null, null, null, System:Role:Add, 0, 0, 0, null, null, 0, 2026-08-20 15:37:57.411229
<==        Row: 10, 5, Perm_System_Role_Edit, F, System:Role:Edit, null, 99, null, null, null, System:Role:Edit, 0, 0, 0, null, null, 0, 2026-08-20 15:37:57.411757
<==        Row: 11, 5, Perm_System_Role_Delete, F, System:Role:Delete, null, 99, null, null, null, System:Role:Delete, 0, 0, 0, null, null, 0, 2026-08-20 15:37:57.412802
<==        Row: 12, 5, Perm_System_Role_Auth, F, System:Role:Auth, null, 99, null, null, null, System:Role:Auth, 0, 0, 0, null, null, 0, 2026-08-20 15:37:57.413394
<==        Row: 13, 5, Perm_System_Menu_Add, F, System:Menu:Add, null, 99, null, null, null, System:Menu:Add, 0, 0, 0, null, null, 0, 2026-08-20 15:37:57.413917
<==        Row: 14, 5, Perm_System_Menu_Edit, F, System:Menu:Edit, null, 99, null, null, null, System:Menu:Edit, 0, 0, 0, null, null, 0, 2026-08-20 15:37:57.414432
<==        Row: 15, 5, Perm_System_Menu_Delete, F, System:Menu:Delete, null, 99, null, null, null, System:Menu:Delete, 0, 0, 0, null, null, 0, 2026-08-20 15:37:57.414952
<==        Row: 17, 16, WsmStore, C, ø‚¥Ê, ic:baseline-inventory, 1, /wsm/store, /wsm/store/index, null, null, 0, 0, 0, super,admin, null, 0, 2026-08-20 15:37:57.416463
<==      Total: 17
Closing non transactional SqlSession [org.apache.ibatis.session.defaults.DefaultSqlSession@6830c6fe]
Creating a new SqlSession
SqlSession [org.apache.ibatis.session.defaults.DefaultSqlSession@29bd938e] was not registered for synchronization because synchronization is not active
JDBC Connection [HikariProxyConnection@1160958739 wrapping conn1: url=jdbc:h2:mem:vben user=SA] will not be managed by Spring
==>  Preparing: SELECT id,parent_id,menu_name,menu_type,title,icon,order_num,path,component,redirect,perm,visible,keep_alive,affix_tab,authority,extra_meta,status,create_time FROM sys_menu ORDER BY parent_id ASC,order_num ASC
==> Parameters: 
<==    Columns: id, parent_id, menu_name, menu_type, title, icon, order_num, path, component, redirect, perm, visible, keep_alive, affix_tab, authority, extra_meta, status, create_time
<==        Row: 1, 0, Dashboard, M, page.dashboard.title, null, -1, /dashboard, null, /analytics, null, 0, 0, 0, null, null, 0, 2026-08-20 15:37:57.403075
<==        Row: 4, 0, Perm_System_User_List, F, System:User:List, null, 99, null, null, null, System:User:List, 0, 0, 0, null, null, 0, 2026-08-20 15:37:57.407063
<==        Row: 16, 0, Wsm, M, ø‚¥Êπ‹¿Ì, ic:baseline-inventory-2, 8000, /wsm, null, /wsm/store, null, 0, 0, 0, null, null, 0, 2026-08-20 15:37:57.415456
<==        Row: 5, 0, System, M, œµÕ≥π‹¿Ì, ic:baseline-settings, 9000, /system, null, /system/user, null, 0, 0, 0, null, null, 0, 2026-08-20 15:37:57.408113
<==        Row: 2, 1, Analytics, C, page.dashboard.analytics, null, 1, /analytics, /dashboard/analytics/index, null, null, 0, 0, 1, null, null, 0, 2026-08-20 15:37:57.404972
<==        Row: 3, 1, Workspace, C, page.dashboard.workspace, null, 2, /workspace, /dashboard/workspace/index, null, null, 0, 0, 0, null, null, 0, 2026-08-20 15:37:57.406022
<==        Row: 6, 5, SystemUser, C, ”√ªßπ‹¿Ì, ant-design:user-outlined, 1, /system/user, /system/user/index, null, null, 0, 0, 0, super,admin, null, 0, 2026-08-20 15:37:57.409152
<==        Row: 7, 5, SystemRole, C, Ω«…´π‹¿Ì, ant-design:user-switch-outlined, 2, /system/role, /system/role/index, null, null, 0, 0, 0, super,admin, null, 0, 2026-08-20 15:37:57.409672
<==        Row: 8, 5, SystemMenu, C, ≤Àµ•π‹¿Ì, ant-design:menu-outlined, 3, /system/menu, /system/menu/index, null, null, 0, 0, 0, super,admin, null, 0, 2026-08-20 15:37:57.410709
<==        Row: 9, 5, Perm_System_Role_Add, F, System:Role:Add, null, 99, null, null, null, System:Role:Add, 0, 0, 0, null, null, 0, 2026-08-20 15:37:57.411229
<==        Row: 10, 5, Perm_System_Role_Edit, F, System:Role:Edit, null, 99, null, null, null, System:Role:Edit, 0, 0, 0, null, null, 0, 2026-08-20 15:37:57.411757
<==        Row: 11, 5, Perm_System_Role_Delete, F, System:Role:Delete, null, 99, null, null, null, System:Role:Delete, 0, 0, 0, null, null, 0, 2026-08-20 15:37:57.412802
<==        Row: 12, 5, Perm_System_Role_Auth, F, System:Role:Auth, null, 99, null, null, null, System:Role:Auth, 0, 0, 0, null, null, 0, 2026-08-20 15:37:57.413394
<==        Row: 13, 5, Perm_System_Menu_Add, F, System:Menu:Add, null, 99, null, null, null, System:Menu:Add, 0, 0, 0, null, null, 0, 2026-08-20 15:37:57.413917
<==        Row: 14, 5, Perm_System_Menu_Edit, F, System:Menu:Edit, null, 99, null, null, null, System:Menu:Edit, 0, 0, 0, null, null, 0, 2026-08-20 15:37:57.414432
<==        Row: 15, 5, Perm_System_Menu_Delete, F, System:Menu:Delete, null, 99, null, null, null, System:Menu:Delete, 0, 0, 0, null, null, 0, 2026-08-20 15:37:57.414952
<==        Row: 17, 16, WsmStore, C, ø‚¥Ê, ic:baseline-inventory, 1, /wsm/store, /wsm/store/index, null, null, 0, 0, 0, super,admin, null, 0, 2026-08-20 15:37:57.416463
<==        Row: 18, 16, WsmTransport, C, ø‚¥ÊŒÔ¡˜, , 1, /wsm/transport, /wsm/transport/index, null, , 0, 0, 0, null, null, 0, 2026-08-20 15:43:04.77061
<==      Total: 18
Closing non transactional SqlSession [org.apache.ibatis.session.defaults.DefaultSqlSession@29bd938e]
Creating a new SqlSession
SqlSession [org.apache.ibatis.session.defaults.DefaultSqlSession@7ea830ab] was not registered for synchronization because synchronization is not active
JDBC Connection [HikariProxyConnection@2009419870 wrapping conn0: url=jdbc:h2:mem:vben user=SA] will not be managed by Spring
==>  Preparing: SELECT id,username,password,nickname,home_path,status,create_time,update_time FROM sys_user WHERE id=?
==> Parameters: 1(Long)
<==    Columns: id, username, password, nickname, home_path, status, create_time, update_time
<==        Row: 1, vben, $2a$10$uDDG/ebHjkdNHuwE/DCW/.vkwS7R.TU4SJPTAg8deux0yQzzGHV/., Vben, null, 0, 2026-08-20 15:37:57.48917, 2026-08-20 15:37:57.48917
<==      Total: 1
Closing non transactional SqlSession [org.apache.ibatis.session.defaults.DefaultSqlSession@7ea830ab]
Creating a new SqlSession
SqlSession [org.apache.ibatis.session.defaults.DefaultSqlSession@1ef9311b] was not registered for synchronization because synchronization is not active
JDBC Connection [HikariProxyConnection@1464922275 wrapping conn0: url=jdbc:h2:mem:vben user=SA] will not be managed by Spring
==>  Preparing: SELECT r.role_key FROM sys_role r JOIN sys_user_role ur ON ur.role_id = r.id WHERE ur.user_id = ? AND r.status = 0
==> Parameters: 1(Long)
<==    Columns: role_key
<==        Row: super
<==      Total: 1
Closing non transactional SqlSession [org.apache.ibatis.session.defaults.DefaultSqlSession@1ef9311b]
Creating a new SqlSession
SqlSession [org.apache.ibatis.session.defaults.DefaultSqlSession@68c2bf8a] was not registered for synchronization because synchronization is not active
JDBC Connection [HikariProxyConnection@903365996 wrapping conn0: url=jdbc:h2:mem:vben user=SA] will not be managed by Spring
==>  Preparing: SELECT DISTINCT m.* FROM sys_menu m JOIN sys_role_menu rm ON rm.menu_id = m.id JOIN sys_user_role ur ON ur.role_id = rm.role_id JOIN sys_role r ON r.id = ur.role_id WHERE ur.user_id = ? AND m.status = 0 AND r.status = 0 ORDER BY m.parent_id, m.order_num
==> Parameters: 1(Long)
<==    Columns: id, parent_id, menu_name, menu_type, title, icon, order_num, path, component, redirect, perm, visible, keep_alive, affix_tab, authority, extra_meta, status, create_time
<==        Row: 1, 0, Dashboard, M, page.dashboard.title, null, -1, /dashboard, null, /analytics, null, 0, 0, 0, null, null, 0, 2026-08-20 15:37:57.403075
<==        Row: 4, 0, Perm_System_User_List, F, System:User:List, null, 99, null, null, null, System:User:List, 0, 0, 0, null, null, 0, 2026-08-20 15:37:57.407063
<==        Row: 16, 0, Wsm, M, ø‚¥Êπ‹¿Ì, ic:baseline-inventory-2, 8000, /wsm, null, /wsm/store, null, 0, 0, 0, null, null, 0, 2026-08-20 15:37:57.415456
<==        Row: 5, 0, System, M, œµÕ≥π‹¿Ì, ic:baseline-settings, 9000, /system, null, /system/user, null, 0, 0, 0, null, null, 0, 2026-08-20 15:37:57.408113
<==        Row: 2, 1, Analytics, C, page.dashboard.analytics, null, 1, /analytics, /dashboard/analytics/index, null, null, 0, 0, 1, null, null, 0, 2026-08-20 15:37:57.404972
<==        Row: 3, 1, Workspace, C, page.dashboard.workspace, null, 2, /workspace, /dashboard/workspace/index, null, null, 0, 0, 0, null, null, 0, 2026-08-20 15:37:57.406022
<==        Row: 6, 5, SystemUser, C, ”√ªßπ‹¿Ì, ant-design:user-outlined, 1, /system/user, /system/user/index, null, null, 0, 0, 0, super,admin, null, 0, 2026-08-20 15:37:57.409152
<==        Row: 7, 5, SystemRole, C, Ω«…´π‹¿Ì, ant-design:user-switch-outlined, 2, /system/role, /system/role/index, null, null, 0, 0, 0, super,admin, null, 0, 2026-08-20 15:37:57.409672
<==        Row: 8, 5, SystemMenu, C, ≤Àµ•π‹¿Ì, ant-design:menu-outlined, 3, /system/menu, /system/menu/index, null, null, 0, 0, 0, super,admin, null, 0, 2026-08-20 15:37:57.410709
<==        Row: 9, 5, Perm_System_Role_Add, F, System:Role:Add, null, 99, null, null, null, System:Role:Add, 0, 0, 0, null, null, 0, 2026-08-20 15:37:57.411229
<==        Row: 10, 5, Perm_System_Role_Edit, F, System:Role:Edit, null, 99, null, null, null, System:Role:Edit, 0, 0, 0, null, null, 0, 2026-08-20 15:37:57.411757
<==        Row: 11, 5, Perm_System_Role_Delete, F, System:Role:Delete, null, 99, null, null, null, System:Role:Delete, 0, 0, 0, null, null, 0, 2026-08-20 15:37:57.412802
<==        Row: 12, 5, Perm_System_Role_Auth, F, System:Role:Auth, null, 99, null, null, null, System:Role:Auth, 0, 0, 0, null, null, 0, 2026-08-20 15:37:57.413394
<==        Row: 13, 5, Perm_System_Menu_Add, F, System:Menu:Add, null, 99, null, null, null, System:Menu:Add, 0, 0, 0, null, null, 0, 2026-08-20 15:37:57.413917
<==        Row: 14, 5, Perm_System_Menu_Edit, F, System:Menu:Edit, null, 99, null, null, null, System:Menu:Edit, 0, 0, 0, null, null, 0, 2026-08-20 15:37:57.414432
<==        Row: 15, 5, Perm_System_Menu_Delete, F, System:Menu:Delete, null, 99, null, null, null, System:Menu:Delete, 0, 0, 0, null, null, 0, 2026-08-20 15:37:57.414952
<==        Row: 17, 16, WsmStore, C, ø‚¥Ê, ic:baseline-inventory, 1, /wsm/store, /wsm/store/index, null, null, 0, 0, 0, super,admin, null, 0, 2026-08-20 15:37:57.416463
<==      Total: 17
Closing non transactional SqlSession [org.apache.ibatis.session.defaults.DefaultSqlSession@68c2bf8a]
Creating a new SqlSession
SqlSession [org.apache.ibatis.session.defaults.DefaultSqlSession@327bfa21] was not registered for synchronization because synchronization is not active
JDBC Connection [HikariProxyConnection@1337474315 wrapping conn0: url=jdbc:h2:mem:vben user=SA] will not be managed by Spring
==>  Preparing: SELECT id,parent_id,menu_name,menu_type,title,icon,order_num,path,component,redirect,perm,visible,keep_alive,affix_tab,authority,extra_meta,status,create_time FROM sys_menu ORDER BY parent_id ASC,order_num ASC
==> Parameters: 
<==    Columns: id, parent_id, menu_name, menu_type, title, icon, order_num, path, component, redirect, perm, visible, keep_alive, affix_tab, authority, extra_meta, status, create_time
<==        Row: 1, 0, Dashboard, M, page.dashboard.title, null, -1, /dashboard, null, /analytics, null, 0, 0, 0, null, null, 0, 2026-08-20 15:37:57.403075
<==        Row: 4, 0, Perm_System_User_List, F, System:User:List, null, 99, null, null, null, System:User:List, 0, 0, 0, null, null, 0, 2026-08-20 15:37:57.407063
<==        Row: 16, 0, Wsm, M, ø‚¥Êπ‹¿Ì, ic:baseline-inventory-2, 8000, /wsm, null, /wsm/store, null, 0, 0, 0, null, null, 0, 2026-08-20 15:37:57.415456
<==        Row: 5, 0, System, M, œµÕ≥π‹¿Ì, ic:baseline-settings, 9000, /system, null, /system/user, null, 0, 0, 0, null, null, 0, 2026-08-20 15:37:57.408113
<==        Row: 2, 1, Analytics, C, page.dashboard.analytics, null, 1, /analytics, /dashboard/analytics/index, null, null, 0, 0, 1, null, null, 0, 2026-08-20 15:37:57.404972
<==        Row: 3, 1, Workspace, C, page.dashboard.workspace, null, 2, /workspace, /dashboard/workspace/index, null, null, 0, 0, 0, null, null, 0, 2026-08-20 15:37:57.406022
<==        Row: 6, 5, SystemUser, C, ”√ªßπ‹¿Ì, ant-design:user-outlined, 1, /system/user, /system/user/index, null, null, 0, 0, 0, super,admin, null, 0, 2026-08-20 15:37:57.409152
<==        Row: 7, 5, SystemRole, C, Ω«…´π‹¿Ì, ant-design:user-switch-outlined, 2, /system/role, /system/role/index, null, null, 0, 0, 0, super,admin, null, 0, 2026-08-20 15:37:57.409672
<==        Row: 8, 5, SystemMenu, C, ≤Àµ•π‹¿Ì, ant-design:menu-outlined, 3, /system/menu, /system/menu/index, null, null, 0, 0, 0, super,admin, null, 0, 2026-08-20 15:37:57.410709
<==        Row: 9, 5, Perm_System_Role_Add, F, System:Role:Add, null, 99, null, null, null, System:Role:Add, 0, 0, 0, null, null, 0, 2026-08-20 15:37:57.411229
<==        Row: 10, 5, Perm_System_Role_Edit, F, System:Role:Edit, null, 99, null, null, null, System:Role:Edit, 0, 0, 0, null, null, 0, 2026-08-20 15:37:57.411757
<==        Row: 11, 5, Perm_System_Role_Delete, F, System:Role:Delete, null, 99, null, null, null, System:Role:Delete, 0, 0, 0, null, null, 0, 2026-08-20 15:37:57.412802
<==        Row: 12, 5, Perm_System_Role_Auth, F, System:Role:Auth, null, 99, null, null, null, System:Role:Auth, 0, 0, 0, null, null, 0, 2026-08-20 15:37:57.413394
<==        Row: 13, 5, Perm_System_Menu_Add, F, System:Menu:Add, null, 99, null, null, null, System:Menu:Add, 0, 0, 0, null, null, 0, 2026-08-20 15:37:57.413917
<==        Row: 14, 5, Perm_System_Menu_Edit, F, System:Menu:Edit, null, 99, null, null, null, System:Menu:Edit, 0, 0, 0, null, null, 0, 2026-08-20 15:37:57.414432
<==        Row: 15, 5, Perm_System_Menu_Delete, F, System:Menu:Delete, null, 99, null, null, null, System:Menu:Delete, 0, 0, 0, null, null, 0, 2026-08-20 15:37:57.414952
<==        Row: 17, 16, WsmStore, C, ø‚¥Ê, ic:baseline-inventory, 1, /wsm/store, /wsm/store/index, null, null, 0, 0, 0, super,admin, null, 0, 2026-08-20 15:37:57.416463
<==        Row: 18, 16, WsmTransport, C, ø‚¥ÊŒÔ¡˜, , 1, /wsm/transport, /wsm/transport/index, null, , 0, 0, 0, null, null, 0, 2026-08-20 15:43:04.77061
<==      Total: 18
Closing non transactional SqlSession [org.apache.ibatis.session.defaults.DefaultSqlSession@327bfa21]
Creating a new SqlSession
SqlSession [org.apache.ibatis.session.defaults.DefaultSqlSession@4b130614] was not registered for synchronization because synchronization is not active
JDBC Connection [HikariProxyConnection@1794451628 wrapping conn0: url=jdbc:h2:mem:vben user=SA] will not be managed by Spring
==>  Preparing: SELECT id,username,password,nickname,home_path,status,create_time,update_time FROM sys_user WHERE id=?
==> Parameters: 1(Long)
<==    Columns: id, username, password, nickname, home_path, status, create_time, update_time
<==        Row: 1, vben, $2a$10$uDDG/ebHjkdNHuwE/DCW/.vkwS7R.TU4SJPTAg8deux0yQzzGHV/., Vben, null, 0, 2026-08-20 15:37:57.48917, 2026-08-20 15:37:57.48917
<==      Total: 1
Closing non transactional SqlSession [org.apache.ibatis.session.defaults.DefaultSqlSession@4b130614]
Creating a new SqlSession
SqlSession [org.apache.ibatis.session.defaults.DefaultSqlSession@14a757f8] was not registered for synchronization because synchronization is not active
JDBC Connection [HikariProxyConnection@1165908786 wrapping conn0: url=jdbc:h2:mem:vben user=SA] will not be managed by Spring
==>  Preparing: SELECT r.role_key FROM sys_role r JOIN sys_user_role ur ON ur.role_id = r.id WHERE ur.user_id = ? AND r.status = 0
==> Parameters: 1(Long)
<==    Columns: role_key
<==        Row: super
<==      Total: 1
Closing non transactional SqlSession [org.apache.ibatis.session.defaults.DefaultSqlSession@14a757f8]
Creating a new SqlSession
SqlSession [org.apache.ibatis.session.defaults.DefaultSqlSession@168ec62f] was not registered for synchronization because synchronization is not active
JDBC Connection [HikariProxyConnection@1434270746 wrapping conn0: url=jdbc:h2:mem:vben user=SA] will not be managed by Spring
==>  Preparing: SELECT DISTINCT m.* FROM sys_menu m JOIN sys_role_menu rm ON rm.menu_id = m.id JOIN sys_user_role ur ON ur.role_id = rm.role_id JOIN sys_role r ON r.id = ur.role_id WHERE ur.user_id = ? AND m.status = 0 AND r.status = 0 ORDER BY m.parent_id, m.order_num
==> Parameters: 1(Long)
<==    Columns: id, parent_id, menu_name, menu_type, title, icon, order_num, path, component, redirect, perm, visible, keep_alive, affix_tab, authority, extra_meta, status, create_time
<==        Row: 1, 0, Dashboard, M, page.dashboard.title, null, -1, /dashboard, null, /analytics, null, 0, 0, 0, null, null, 0, 2026-08-20 15:37:57.403075
<==        Row: 4, 0, Perm_System_User_List, F, System:User:List, null, 99, null, null, null, System:User:List, 0, 0, 0, null, null, 0, 2026-08-20 15:37:57.407063
<==        Row: 16, 0, Wsm, M, ø‚¥Êπ‹¿Ì, ic:baseline-inventory-2, 8000, /wsm, null, /wsm/store, null, 0, 0, 0, null, null, 0, 2026-08-20 15:37:57.415456
<==        Row: 5, 0, System, M, œµÕ≥π‹¿Ì, ic:baseline-settings, 9000, /system, null, /system/user, null, 0, 0, 0, null, null, 0, 2026-08-20 15:37:57.408113
<==        Row: 2, 1, Analytics, C, page.dashboard.analytics, null, 1, /analytics, /dashboard/analytics/index, null, null, 0, 0, 1, null, null, 0, 2026-08-20 15:37:57.404972
<==        Row: 3, 1, Workspace, C, page.dashboard.workspace, null, 2, /workspace, /dashboard/workspace/index, null, null, 0, 0, 0, null, null, 0, 2026-08-20 15:37:57.406022
<==        Row: 6, 5, SystemUser, C, ”√ªßπ‹¿Ì, ant-design:user-outlined, 1, /system/user, /system/user/index, null, null, 0, 0, 0, super,admin, null, 0, 2026-08-20 15:37:57.409152
<==        Row: 7, 5, SystemRole, C, Ω«…´π‹¿Ì, ant-design:user-switch-outlined, 2, /system/role, /system/role/index, null, null, 0, 0, 0, super,admin, null, 0, 2026-08-20 15:37:57.409672
<==        Row: 8, 5, SystemMenu, C, ≤Àµ•π‹¿Ì, ant-design:menu-outlined, 3, /system/menu, /system/menu/index, null, null, 0, 0, 0, super,admin, null, 0, 2026-08-20 15:37:57.410709
<==        Row: 9, 5, Perm_System_Role_Add, F, System:Role:Add, null, 99, null, null, null, System:Role:Add, 0, 0, 0, null, null, 0, 2026-08-20 15:37:57.411229
<==        Row: 10, 5, Perm_System_Role_Edit, F, System:Role:Edit, null, 99, null, null, null, System:Role:Edit, 0, 0, 0, null, null, 0, 2026-08-20 15:37:57.411757
<==        Row: 11, 5, Perm_System_Role_Delete, F, System:Role:Delete, null, 99, null, null, null, System:Role:Delete, 0, 0, 0, null, null, 0, 2026-08-20 15:37:57.412802
<==        Row: 12, 5, Perm_System_Role_Auth, F, System:Role:Auth, null, 99, null, null, null, System:Role:Auth, 0, 0, 0, null, null, 0, 2026-08-20 15:37:57.413394
<==        Row: 13, 5, Perm_System_Menu_Add, F, System:Menu:Add, null, 99, null, null, null, System:Menu:Add, 0, 0, 0, null, null, 0, 2026-08-20 15:37:57.413917
<==        Row: 14, 5, Perm_System_Menu_Edit, F, System:Menu:Edit, null, 99, null, null, null, System:Menu:Edit, 0, 0, 0, null, null, 0, 2026-08-20 15:37:57.414432
<==        Row: 15, 5, Perm_System_Menu_Delete, F, System:Menu:Delete, null, 99, null, null, null, System:Menu:Delete, 0, 0, 0, null, null, 0, 2026-08-20 15:37:57.414952
<==        Row: 17, 16, WsmStore, C, ø‚¥Ê, ic:baseline-inventory, 1, /wsm/store, /wsm/store/index, null, null, 0, 0, 0, super,admin, null, 0, 2026-08-20 15:37:57.416463
<==      Total: 17
Closing non transactional SqlSession [org.apache.ibatis.session.defaults.DefaultSqlSession@168ec62f]
Creating a new SqlSession
Registering transaction synchronization for SqlSession [org.apache.ibatis.session.defaults.DefaultSqlSession@7b4bb9da]
JDBC Connection [HikariProxyConnection@738513472 wrapping conn0: url=jdbc:h2:mem:vben user=SA] will be managed by Spring
==>  Preparing: SELECT id,parent_id,menu_name,menu_type,title,icon,order_num,path,component,redirect,perm,visible,keep_alive,affix_tab,authority,extra_meta,status,create_time FROM sys_menu WHERE id=?
==> Parameters: 18(Long)
<==    Columns: id, parent_id, menu_name, menu_type, title, icon, order_num, path, component, redirect, perm, visible, keep_alive, affix_tab, authority, extra_meta, status, create_time
<==        Row: 18, 16, WsmTransport, C, ø‚¥ÊŒÔ¡˜, , 1, /wsm/transport, /wsm/transport/index, null, , 0, 0, 0, null, null, 0, 2026-08-20 15:43:04.77061
<==      Total: 1
Releasing transactional SqlSession [org.apache.ibatis.session.defaults.DefaultSqlSession@7b4bb9da]
Fetched SqlSession [org.apache.ibatis.session.defaults.DefaultSqlSession@7b4bb9da] from current transaction
==>  Preparing: UPDATE sys_menu SET parent_id=?, menu_name=?, menu_type=?, title=?, icon=?, order_num=?, path=?, component=?, perm=?, visible=?, keep_alive=?, affix_tab=?, status=?, create_time=? WHERE id=?
==> Parameters: 16(Long), WsmTransport(String), C(String), ø‚¥ÊŒÔ¡˜(String), ic:baseline-inventory(String), 1(Integer), /wsm/transport(String), /wsm/transport/index(String), (String), 0(Integer), 0(Integer), 0(Integer), 0(Integer), 2026-08-20T15:43:04.770610(LocalDateTime), 18(Long)
<==    Updates: 1
Releasing transactional SqlSession [org.apache.ibatis.session.defaults.DefaultSqlSession@7b4bb9da]
Transaction synchronization committing SqlSession [org.apache.ibatis.session.defaults.DefaultSqlSession@7b4bb9da]
Transaction synchronization deregistering SqlSession [org.apache.ibatis.session.defaults.DefaultSqlSession@7b4bb9da]
Transaction synchronization closing SqlSession [org.apache.ibatis.session.defaults.DefaultSqlSession@7b4bb9da]
Creating a new SqlSession
SqlSession [org.apache.ibatis.session.defaults.DefaultSqlSession@633513f2] was not registered for synchronization because synchronization is not active
JDBC Connection [HikariProxyConnection@946548340 wrapping conn0: url=jdbc:h2:mem:vben user=SA] will not be managed by Spring
==>  Preparing: SELECT id,username,password,nickname,home_path,status,create_time,update_time FROM sys_user WHERE id=?
==> Parameters: 1(Long)
<==    Columns: id, username, password, nickname, home_path, status, create_time, update_time
<==        Row: 1, vben, $2a$10$uDDG/ebHjkdNHuwE/DCW/.vkwS7R.TU4SJPTAg8deux0yQzzGHV/., Vben, null, 0, 2026-08-20 15:37:57.48917, 2026-08-20 15:37:57.48917
<==      Total: 1
Closing non transactional SqlSession [org.apache.ibatis.session.defaults.DefaultSqlSession@633513f2]
Creating a new SqlSession
SqlSession [org.apache.ibatis.session.defaults.DefaultSqlSession@31b9b0b4] was not registered for synchronization because synchronization is not active
JDBC Connection [HikariProxyConnection@1204153247 wrapping conn0: url=jdbc:h2:mem:vben user=SA] will not be managed by Spring
==>  Preparing: SELECT r.role_key FROM sys_role r JOIN sys_user_role ur ON ur.role_id = r.id WHERE ur.user_id = ? AND r.status = 0
==> Parameters: 1(Long)
<==    Columns: role_key
<==        Row: super
<==      Total: 1
Closing non transactional SqlSession [org.apache.ibatis.session.defaults.DefaultSqlSession@31b9b0b4]
Creating a new SqlSession
SqlSession [org.apache.ibatis.session.defaults.DefaultSqlSession@ca4da16] was not registered for synchronization because synchronization is not active
JDBC Connection [HikariProxyConnection@1843219832 wrapping conn0: url=jdbc:h2:mem:vben user=SA] will not be managed by Spring
==>  Preparing: SELECT DISTINCT m.* FROM sys_menu m JOIN sys_role_menu rm ON rm.menu_id = m.id JOIN sys_user_role ur ON ur.role_id = rm.role_id JOIN sys_role r ON r.id = ur.role_id WHERE ur.user_id = ? AND m.status = 0 AND r.status = 0 ORDER BY m.parent_id, m.order_num
==> Parameters: 1(Long)
<==    Columns: id, parent_id, menu_name, menu_type, title, icon, order_num, path, component, redirect, perm, visible, keep_alive, affix_tab, authority, extra_meta, status, create_time
<==        Row: 1, 0, Dashboard, M, page.dashboard.title, null, -1, /dashboard, null, /analytics, null, 0, 0, 0, null, null, 0, 2026-08-20 15:37:57.403075
<==        Row: 4, 0, Perm_System_User_List, F, System:User:List, null, 99, null, null, null, System:User:List, 0, 0, 0, null, null, 0, 2026-08-20 15:37:57.407063
<==        Row: 16, 0, Wsm, M, ø‚¥Êπ‹¿Ì, ic:baseline-inventory-2, 8000, /wsm, null, /wsm/store, null, 0, 0, 0, null, null, 0, 2026-08-20 15:37:57.415456
<==        Row: 5, 0, System, M, œµÕ≥π‹¿Ì, ic:baseline-settings, 9000, /system, null, /system/user, null, 0, 0, 0, null, null, 0, 2026-08-20 15:37:57.408113
<==        Row: 2, 1, Analytics, C, page.dashboard.analytics, null, 1, /analytics, /dashboard/analytics/index, null, null, 0, 0, 1, null, null, 0, 2026-08-20 15:37:57.404972
<==        Row: 3, 1, Workspace, C, page.dashboard.workspace, null, 2, /workspace, /dashboard/workspace/index, null, null, 0, 0, 0, null, null, 0, 2026-08-20 15:37:57.406022
<==        Row: 6, 5, SystemUser, C, ”√ªßπ‹¿Ì, ant-design:user-outlined, 1, /system/user, /system/user/index, null, null, 0, 0, 0, super,admin, null, 0, 2026-08-20 15:37:57.409152
<==        Row: 7, 5, SystemRole, C, Ω«…´π‹¿Ì, ant-design:user-switch-outlined, 2, /system/role, /system/role/index, null, null, 0, 0, 0, super,admin, null, 0, 2026-08-20 15:37:57.409672
<==        Row: 8, 5, SystemMenu, C, ≤Àµ•π‹¿Ì, ant-design:menu-outlined, 3, /system/menu, /system/menu/index, null, null, 0, 0, 0, super,admin, null, 0, 2026-08-20 15:37:57.410709
<==        Row: 9, 5, Perm_System_Role_Add, F, System:Role:Add, null, 99, null, null, null, System:Role:Add, 0, 0, 0, null, null, 0, 2026-08-20 15:37:57.411229
<==        Row: 10, 5, Perm_System_Role_Edit, F, System:Role:Edit, null, 99, null, null, null, System:Role:Edit, 0, 0, 0, null, null, 0, 2026-08-20 15:37:57.411757
<==        Row: 11, 5, Perm_System_Role_Delete, F, System:Role:Delete, null, 99, null, null, null, System:Role:Delete, 0, 0, 0, null, null, 0, 2026-08-20 15:37:57.412802
<==        Row: 12, 5, Perm_System_Role_Auth, F, System:Role:Auth, null, 99, null, null, null, System:Role:Auth, 0, 0, 0, null, null, 0, 2026-08-20 15:37:57.413394
<==        Row: 13, 5, Perm_System_Menu_Add, F, System:Menu:Add, null, 99, null, null, null, System:Menu:Add, 0, 0, 0, null, null, 0, 2026-08-20 15:37:57.413917
<==        Row: 14, 5, Perm_System_Menu_Edit, F, System:Menu:Edit, null, 99, null, null, null, System:Menu:Edit, 0, 0, 0, null, null, 0, 2026-08-20 15:37:57.414432
<==        Row: 15, 5, Perm_System_Menu_Delete, F, System:Menu:Delete, null, 99, null, null, null, System:Menu:Delete, 0, 0, 0, null, null, 0, 2026-08-20 15:37:57.414952
<==        Row: 17, 16, WsmStore, C, ø‚¥Ê, ic:baseline-inventory, 1, /wsm/store, /wsm/store/index, null, null, 0, 0, 0, super,admin, null, 0, 2026-08-20 15:37:57.416463
<==      Total: 17
Closing non transactional SqlSession [org.apache.ibatis.session.defaults.DefaultSqlSession@ca4da16]
Creating a new SqlSession
SqlSession [org.apache.ibatis.session.defaults.DefaultSqlSession@111d6c67] was not registered for synchronization because synchronization is not active
JDBC Connection [HikariProxyConnection@2037183688 wrapping conn0: url=jdbc:h2:mem:vben user=SA] will not be managed by Spring
==>  Preparing: SELECT id,parent_id,menu_name,menu_type,title,icon,order_num,path,component,redirect,perm,visible,keep_alive,affix_tab,authority,extra_meta,status,create_time FROM sys_menu ORDER BY parent_id ASC,order_num ASC
==> Parameters: 
<==    Columns: id, parent_id, menu_name, menu_type, title, icon, order_num, path, component, redirect, perm, visible, keep_alive, affix_tab, authority, extra_meta, status, create_time
<==        Row: 1, 0, Dashboard, M, page.dashboard.title, null, -1, /dashboard, null, /analytics, null, 0, 0, 0, null, null, 0, 2026-08-20 15:37:57.403075
<==        Row: 4, 0, Perm_System_User_List, F, System:User:List, null, 99, null, null, null, System:User:List, 0, 0, 0, null, null, 0, 2026-08-20 15:37:57.407063
<==        Row: 16, 0, Wsm, M, ø‚¥Êπ‹¿Ì, ic:baseline-inventory-2, 8000, /wsm, null, /wsm/store, null, 0, 0, 0, null, null, 0, 2026-08-20 15:37:57.415456
<==        Row: 5, 0, System, M, œµÕ≥π‹¿Ì, ic:baseline-settings, 9000, /system, null, /system/user, null, 0, 0, 0, null, null, 0, 2026-08-20 15:37:57.408113
<==        Row: 2, 1, Analytics, C, page.dashboard.analytics, null, 1, /analytics, /dashboard/analytics/index, null, null, 0, 0, 1, null, null, 0, 2026-08-20 15:37:57.404972
<==        Row: 3, 1, Workspace, C, page.dashboard.workspace, null, 2, /workspace, /dashboard/workspace/index, null, null, 0, 0, 0, null, null, 0, 2026-08-20 15:37:57.406022
<==        Row: 6, 5, SystemUser, C, ”√ªßπ‹¿Ì, ant-design:user-outlined, 1, /system/user, /system/user/index, null, null, 0, 0, 0, super,admin, null, 0, 2026-08-20 15:37:57.409152
<==        Row: 7, 5, SystemRole, C, Ω«…´π‹¿Ì, ant-design:user-switch-outlined, 2, /system/role, /system/role/index, null, null, 0, 0, 0, super,admin, null, 0, 2026-08-20 15:37:57.409672
<==        Row: 8, 5, SystemMenu, C, ≤Àµ•π‹¿Ì, ant-design:menu-outlined, 3, /system/menu, /system/menu/index, null, null, 0, 0, 0, super,admin, null, 0, 2026-08-20 15:37:57.410709
<==        Row: 9, 5, Perm_System_Role_Add, F, System:Role:Add, null, 99, null, null, null, System:Role:Add, 0, 0, 0, null, null, 0, 2026-08-20 15:37:57.411229
<==        Row: 10, 5, Perm_System_Role_Edit, F, System:Role:Edit, null, 99, null, null, null, System:Role:Edit, 0, 0, 0, null, null, 0, 2026-08-20 15:37:57.411757
<==        Row: 11, 5, Perm_System_Role_Delete, F, System:Role:Delete, null, 99, null, null, null, System:Role:Delete, 0, 0, 0, null, null, 0, 2026-08-20 15:37:57.412802
<==        Row: 12, 5, Perm_System_Role_Auth, F, System:Role:Auth, null, 99, null, null, null, System:Role:Auth, 0, 0, 0, null, null, 0, 2026-08-20 15:37:57.413394
<==        Row: 13, 5, Perm_System_Menu_Add, F, System:Menu:Add, null, 99, null, null, null, System:Menu:Add, 0, 0, 0, null, null, 0, 2026-08-20 15:37:57.413917
<==        Row: 14, 5, Perm_System_Menu_Edit, F, System:Menu:Edit, null, 99, null, null, null, System:Menu:Edit, 0, 0, 0, null, null, 0, 2026-08-20 15:37:57.414432
<==        Row: 15, 5, Perm_System_Menu_Delete, F, System:Menu:Delete, null, 99, null, null, null, System:Menu:Delete, 0, 0, 0, null, null, 0, 2026-08-20 15:37:57.414952
<==        Row: 17, 16, WsmStore, C, ø‚¥Ê, ic:baseline-inventory, 1, /wsm/store, /wsm/store/index, null, null, 0, 0, 0, super,admin, null, 0, 2026-08-20 15:37:57.416463
<==        Row: 18, 16, WsmTransport, C, ø‚¥ÊŒÔ¡˜, ic:baseline-inventory, 1, /wsm/transport, /wsm/transport/index, null, , 0, 0, 0, null, null, 0, 2026-08-20 15:43:04.77061
<==      Total: 18
Closing non transactional SqlSession [org.apache.ibatis.session.defaults.DefaultSqlSession@111d6c67]
Creating a new SqlSession
SqlSession [org.apache.ibatis.session.defaults.DefaultSqlSession@7d6b8d95] was not registered for synchronization because synchronization is not active
JDBC Connection [HikariProxyConnection@1322383625 wrapping conn0: url=jdbc:h2:mem:vben user=SA] will not be managed by Spring
==>  Preparing: SELECT id,username,password,nickname,home_path,status,create_time,update_time FROM sys_user WHERE id=?
==> Parameters: 1(Long)
<==    Columns: id, username, password, nickname, home_path, status, create_time, update_time
<==        Row: 1, vben, $2a$10$uDDG/ebHjkdNHuwE/DCW/.vkwS7R.TU4SJPTAg8deux0yQzzGHV/., Vben, null, 0, 2026-08-20 15:37:57.48917, 2026-08-20 15:37:57.48917
<==      Total: 1
Closing non transactional SqlSession [org.apache.ibatis.session.defaults.DefaultSqlSession@7d6b8d95]
Creating a new SqlSession
SqlSession [org.apache.ibatis.session.defaults.DefaultSqlSession@69e90bf0] was not registered for synchronization because synchronization is not active
JDBC Connection [HikariProxyConnection@498444179 wrapping conn0: url=jdbc:h2:mem:vben user=SA] will not be managed by Spring
==>  Preparing: SELECT r.role_key FROM sys_role r JOIN sys_user_role ur ON ur.role_id = r.id WHERE ur.user_id = ? AND r.status = 0
==> Parameters: 1(Long)
<==    Columns: role_key
<==        Row: super
<==      Total: 1
Closing non transactional SqlSession [org.apache.ibatis.session.defaults.DefaultSqlSession@69e90bf0]
Creating a new SqlSession
SqlSession [org.apache.ibatis.session.defaults.DefaultSqlSession@3c139695] was not registered for synchronization because synchronization is not active
JDBC Connection [HikariProxyConnection@2110470575 wrapping conn0: url=jdbc:h2:mem:vben user=SA] will not be managed by Spring
==>  Preparing: SELECT DISTINCT m.* FROM sys_menu m JOIN sys_role_menu rm ON rm.menu_id = m.id JOIN sys_user_role ur ON ur.role_id = rm.role_id JOIN sys_role r ON r.id = ur.role_id WHERE ur.user_id = ? AND m.status = 0 AND r.status = 0 ORDER BY m.parent_id, m.order_num
==> Parameters: 1(Long)
<==    Columns: id, parent_id, menu_name, menu_type, title, icon, order_num, path, component, redirect, perm, visible, keep_alive, affix_tab, authority, extra_meta, status, create_time
<==        Row: 1, 0, Dashboard, M, page.dashboard.title, null, -1, /dashboard, null, /analytics, null, 0, 0, 0, null, null, 0, 2026-08-20 15:37:57.403075
<==        Row: 4, 0, Perm_System_User_List, F, System:User:List, null, 99, null, null, null, System:User:List, 0, 0, 0, null, null, 0, 2026-08-20 15:37:57.407063
<==        Row: 16, 0, Wsm, M, ø‚¥Êπ‹¿Ì, ic:baseline-inventory-2, 8000, /wsm, null, /wsm/store, null, 0, 0, 0, null, null, 0, 2026-08-20 15:37:57.415456
<==        Row: 5, 0, System, M, œµÕ≥π‹¿Ì, ic:baseline-settings, 9000, /system, null, /system/user, null, 0, 0, 0, null, null, 0, 2026-08-20 15:37:57.408113
<==        Row: 2, 1, Analytics, C, page.dashboard.analytics, null, 1, /analytics, /dashboard/analytics/index, null, null, 0, 0, 1, null, null, 0, 2026-08-20 15:37:57.404972
<==        Row: 3, 1, Workspace, C, page.dashboard.workspace, null, 2, /workspace, /dashboard/workspace/index, null, null, 0, 0, 0, null, null, 0, 2026-08-20 15:37:57.406022
<==        Row: 6, 5, SystemUser, C, ”√ªßπ‹¿Ì, ant-design:user-outlined, 1, /system/user, /system/user/index, null, null, 0, 0, 0, super,admin, null, 0, 2026-08-20 15:37:57.409152
<==        Row: 7, 5, SystemRole, C, Ω«…´π‹¿Ì, ant-design:user-switch-outlined, 2, /system/role, /system/role/index, null, null, 0, 0, 0, super,admin, null, 0, 2026-08-20 15:37:57.409672
<==        Row: 8, 5, SystemMenu, C, ≤Àµ•π‹¿Ì, ant-design:menu-outlined, 3, /system/menu, /system/menu/index, null, null, 0, 0, 0, super,admin, null, 0, 2026-08-20 15:37:57.410709
<==        Row: 9, 5, Perm_System_Role_Add, F, System:Role:Add, null, 99, null, null, null, System:Role:Add, 0, 0, 0, null, null, 0, 2026-08-20 15:37:57.411229
<==        Row: 10, 5, Perm_System_Role_Edit, F, System:Role:Edit, null, 99, null, null, null, System:Role:Edit, 0, 0, 0, null, null, 0, 2026-08-20 15:37:57.411757
<==        Row: 11, 5, Perm_System_Role_Delete, F, System:Role:Delete, null, 99, null, null, null, System:Role:Delete, 0, 0, 0, null, null, 0, 2026-08-20 15:37:57.412802
<==        Row: 12, 5, Perm_System_Role_Auth, F, System:Role:Auth, null, 99, null, null, null, System:Role:Auth, 0, 0, 0, null, null, 0, 2026-08-20 15:37:57.413394
<==        Row: 13, 5, Perm_System_Menu_Add, F, System:Menu:Add, null, 99, null, null, null, System:Menu:Add, 0, 0, 0, null, null, 0, 2026-08-20 15:37:57.413917
<==        Row: 14, 5, Perm_System_Menu_Edit, F, System:Menu:Edit, null, 99, null, null, null, System:Menu:Edit, 0, 0, 0, null, null, 0, 2026-08-20 15:37:57.414432
<==        Row: 15, 5, Perm_System_Menu_Delete, F, System:Menu:Delete, null, 99, null, null, null, System:Menu:Delete, 0, 0, 0, null, null, 0, 2026-08-20 15:37:57.414952
<==        Row: 17, 16, WsmStore, C, ø‚¥Ê, ic:baseline-inventory, 1, /wsm/store, /wsm/store/index, null, null, 0, 0, 0, super,admin, null, 0, 2026-08-20 15:37:57.416463
<==      Total: 17
Closing non transactional SqlSession [org.apache.ibatis.session.defaults.DefaultSqlSession@3c139695]
Creating a new SqlSession
SqlSession [org.apache.ibatis.session.defaults.DefaultSqlSession@5c5c1b6d] was not registered for synchronization because synchronization is not active
JDBC Connection [HikariProxyConnection@1826993738 wrapping conn0: url=jdbc:h2:mem:vben user=SA] will not be managed by Spring
==>  Preparing: SELECT id,username,password,nickname,home_path,status,create_time,update_time FROM sys_user WHERE id=?
==> Parameters: 1(Long)
<==    Columns: id, username, password, nickname, home_path, status, create_time, update_time
<==        Row: 1, vben, $2a$10$uDDG/ebHjkdNHuwE/DCW/.vkwS7R.TU4SJPTAg8deux0yQzzGHV/., Vben, null, 0, 2026-08-20 15:37:57.48917, 2026-08-20 15:37:57.48917
<==      Total: 1
Closing non transactional SqlSession [org.apache.ibatis.session.defaults.DefaultSqlSession@5c5c1b6d]
Creating a new SqlSession
SqlSession [org.apache.ibatis.session.defaults.DefaultSqlSession@48848ddb] was not registered for synchronization because synchronization is not active
JDBC Connection [HikariProxyConnection@1591256070 wrapping conn0: url=jdbc:h2:mem:vben user=SA] will not be managed by Spring
==>  Preparing: SELECT id,username,password,nickname,home_path,status,create_time,update_time FROM sys_user WHERE id=?
==> Parameters: 1(Long)
<==    Columns: id, username, password, nickname, home_path, status, create_time, update_time
<==        Row: 1, vben, $2a$10$uDDG/ebHjkdNHuwE/DCW/.vkwS7R.TU4SJPTAg8deux0yQzzGHV/., Vben, null, 0, 2026-08-20 15:37:57.48917, 2026-08-20 15:37:57.48917
<==      Total: 1
Closing non transactional SqlSession [org.apache.ibatis.session.defaults.DefaultSqlSession@48848ddb]
Creating a new SqlSession
SqlSession [org.apache.ibatis.session.defaults.DefaultSqlSession@6c850dd9] was not registered for synchronization because synchronization is not active
JDBC Connection [HikariProxyConnection@1452198650 wrapping conn0: url=jdbc:h2:mem:vben user=SA] will not be managed by Spring
==>  Preparing: SELECT r.role_key FROM sys_role r JOIN sys_user_role ur ON ur.role_id = r.id WHERE ur.user_id = ? AND r.status = 0
==> Parameters: 1(Long)
<==    Columns: role_key
<==        Row: super
<==      Total: 1
Closing non transactional SqlSession [org.apache.ibatis.session.defaults.DefaultSqlSession@6c850dd9]
Creating a new SqlSession
SqlSession [org.apache.ibatis.session.defaults.DefaultSqlSession@3a087fa5] was not registered for synchronization because synchronization is not active
JDBC Connection [HikariProxyConnection@569054326 wrapping conn0: url=jdbc:h2:mem:vben user=SA] will not be managed by Spring
==>  Preparing: SELECT DISTINCT m.* FROM sys_menu m JOIN sys_role_menu rm ON rm.menu_id = m.id JOIN sys_user_role ur ON ur.role_id = rm.role_id JOIN sys_role r ON r.id = ur.role_id WHERE ur.user_id = ? AND m.status = 0 AND r.status = 0 ORDER BY m.parent_id, m.order_num
==> Parameters: 1(Long)
<==    Columns: id, parent_id, menu_name, menu_type, title, icon, order_num, path, component, redirect, perm, visible, keep_alive, affix_tab, authority, extra_meta, status, create_time
<==        Row: 1, 0, Dashboard, M, page.dashboard.title, null, -1, /dashboard, null, /analytics, null, 0, 0, 0, null, null, 0, 2026-08-20 15:37:57.403075
<==        Row: 4, 0, Perm_System_User_List, F, System:User:List, null, 99, null, null, null, System:User:List, 0, 0, 0, null, null, 0, 2026-08-20 15:37:57.407063
<==        Row: 16, 0, Wsm, M, ø‚¥Êπ‹¿Ì, ic:baseline-inventory-2, 8000, /wsm, null, /wsm/store, null, 0, 0, 0, null, null, 0, 2026-08-20 15:37:57.415456
<==        Row: 5, 0, System, M, œµÕ≥π‹¿Ì, ic:baseline-settings, 9000, /system, null, /system/user, null, 0, 0, 0, null, null, 0, 2026-08-20 15:37:57.408113
<==        Row: 2, 1, Analytics, C, page.dashboard.analytics, null, 1, /analytics, /dashboard/analytics/index, null, null, 0, 0, 1, null, null, 0, 2026-08-20 15:37:57.404972
<==        Row: 3, 1, Workspace, C, page.dashboard.workspace, null, 2, /workspace, /dashboard/workspace/index, null, null, 0, 0, 0, null, null, 0, 2026-08-20 15:37:57.406022
<==        Row: 6, 5, SystemUser, C, ”√ªßπ‹¿Ì, ant-design:user-outlined, 1, /system/user, /system/user/index, null, null, 0, 0, 0, super,admin, null, 0, 2026-08-20 15:37:57.409152
<==        Row: 7, 5, SystemRole, C, Ω«…´π‹¿Ì, ant-design:user-switch-outlined, 2, /system/role, /system/role/index, null, null, 0, 0, 0, super,admin, null, 0, 2026-08-20 15:37:57.409672
<==        Row: 8, 5, SystemMenu, C, ≤Àµ•π‹¿Ì, ant-design:menu-outlined, 3, /system/menu, /system/menu/index, null, null, 0, 0, 0, super,admin, null, 0, 2026-08-20 15:37:57.410709
<==        Row: 9, 5, Perm_System_Role_Add, F, System:Role:Add, null, 99, null, null, null, System:Role:Add, 0, 0, 0, null, null, 0, 2026-08-20 15:37:57.411229
<==        Row: 10, 5, Perm_System_Role_Edit, F, System:Role:Edit, null, 99, null, null, null, System:Role:Edit, 0, 0, 0, null, null, 0, 2026-08-20 15:37:57.411757
<==        Row: 11, 5, Perm_System_Role_Delete, F, System:Role:Delete, null, 99, null, null, null, System:Role:Delete, 0, 0, 0, null, null, 0, 2026-08-20 15:37:57.412802
<==        Row: 12, 5, Perm_System_Role_Auth, F, System:Role:Auth, null, 99, null, null, null, System:Role:Auth, 0, 0, 0, null, null, 0, 2026-08-20 15:37:57.413394
<==        Row: 13, 5, Perm_System_Menu_Add, F, System:Menu:Add, null, 99, null, null, null, System:Menu:Add, 0, 0, 0, null, null, 0, 2026-08-20 15:37:57.413917
<==        Row: 14, 5, Perm_System_Menu_Edit, F, System:Menu:Edit, null, 99, null, null, null, System:Menu:Edit, 0, 0, 0, null, null, 0, 2026-08-20 15:37:57.414432
<==        Row: 15, 5, Perm_System_Menu_Delete, F, System:Menu:Delete, null, 99, null, null, null, System:Menu:Delete, 0, 0, 0, null, null, 0, 2026-08-20 15:37:57.414952
<==        Row: 17, 16, WsmStore, C, ø‚¥Ê, ic:baseline-inventory, 1, /wsm/store, /wsm/store/index, null, null, 0, 0, 0, super,admin, null, 0, 2026-08-20 15:37:57.416463
<==      Total: 17
Closing non transactional SqlSession [org.apache.ibatis.session.defaults.DefaultSqlSession@3a087fa5]
Creating a new SqlSession
SqlSession [org.apache.ibatis.session.defaults.DefaultSqlSession@65443e57] was not registered for synchronization because synchronization is not active
JDBC Connection [HikariProxyConnection@1170075935 wrapping conn0: url=jdbc:h2:mem:vben user=SA] will not be managed by Spring
==>  Preparing: SELECT DISTINCT m.* FROM sys_menu m JOIN sys_role_menu rm ON rm.menu_id = m.id JOIN sys_user_role ur ON ur.role_id = rm.role_id JOIN sys_role r ON r.id = ur.role_id WHERE ur.user_id = ? AND m.status = 0 AND r.status = 0 ORDER BY m.parent_id, m.order_num
==> Parameters: 1(Long)
<==    Columns: id, parent_id, menu_name, menu_type, title, icon, order_num, path, component, redirect, perm, visible, keep_alive, affix_tab, authority, extra_meta, status, create_time
<==        Row: 1, 0, Dashboard, M, page.dashboard.title, null, -1, /dashboard, null, /analytics, null, 0, 0, 0, null, null, 0, 2026-08-20 15:37:57.403075
<==        Row: 4, 0, Perm_System_User_List, F, System:User:List, null, 99, null, null, null, System:User:List, 0, 0, 0, null, null, 0, 2026-08-20 15:37:57.407063
<==        Row: 16, 0, Wsm, M, ø‚¥Êπ‹¿Ì, ic:baseline-inventory-2, 8000, /wsm, null, /wsm/store, null, 0, 0, 0, null, null, 0, 2026-08-20 15:37:57.415456
<==        Row: 5, 0, System, M, œµÕ≥π‹¿Ì, ic:baseline-settings, 9000, /system, null, /system/user, null, 0, 0, 0, null, null, 0, 2026-08-20 15:37:57.408113
<==        Row: 2, 1, Analytics, C, page.dashboard.analytics, null, 1, /analytics, /dashboard/analytics/index, null, null, 0, 0, 1, null, null, 0, 2026-08-20 15:37:57.404972
<==        Row: 3, 1, Workspace, C, page.dashboard.workspace, null, 2, /workspace, /dashboard/workspace/index, null, null, 0, 0, 0, null, null, 0, 2026-08-20 15:37:57.406022
<==        Row: 6, 5, SystemUser, C, ”√ªßπ‹¿Ì, ant-design:user-outlined, 1, /system/user, /system/user/index, null, null, 0, 0, 0, super,admin, null, 0, 2026-08-20 15:37:57.409152
<==        Row: 7, 5, SystemRole, C, Ω«…´π‹¿Ì, ant-design:user-switch-outlined, 2, /system/role, /system/role/index, null, null, 0, 0, 0, super,admin, null, 0, 2026-08-20 15:37:57.409672
<==        Row: 8, 5, SystemMenu, C, ≤Àµ•π‹¿Ì, ant-design:menu-outlined, 3, /system/menu, /system/menu/index, null, null, 0, 0, 0, super,admin, null, 0, 2026-08-20 15:37:57.410709
<==        Row: 9, 5, Perm_System_Role_Add, F, System:Role:Add, null, 99, null, null, null, System:Role:Add, 0, 0, 0, null, null, 0, 2026-08-20 15:37:57.411229
<==        Row: 10, 5, Perm_System_Role_Edit, F, System:Role:Edit, null, 99, null, null, null, System:Role:Edit, 0, 0, 0, null, null, 0, 2026-08-20 15:37:57.411757
<==        Row: 11, 5, Perm_System_Role_Delete, F, System:Role:Delete, null, 99, null, null, null, System:Role:Delete, 0, 0, 0, null, null, 0, 2026-08-20 15:37:57.412802
<==        Row: 12, 5, Perm_System_Role_Auth, F, System:Role:Auth, null, 99, null, null, null, System:Role:Auth, 0, 0, 0, null, null, 0, 2026-08-20 15:37:57.413394
<==        Row: 13, 5, Perm_System_Menu_Add, F, System:Menu:Add, null, 99, null, null, null, System:Menu:Add, 0, 0, 0, null, null, 0, 2026-08-20 15:37:57.413917
<==        Row: 14, 5, Perm_System_Menu_Edit, F, System:Menu:Edit, null, 99, null, null, null, System:Menu:Edit, 0, 0, 0, null, null, 0, 2026-08-20 15:37:57.414432
<==        Row: 15, 5, Perm_System_Menu_Delete, F, System:Menu:Delete, null, 99, null, null, null, System:Menu:Delete, 0, 0, 0, null, null, 0, 2026-08-20 15:37:57.414952
<==        Row: 17, 16, WsmStore, C, ø‚¥Ê, ic:baseline-inventory, 1, /wsm/store, /wsm/store/index, null, null, 0, 0, 0, super,admin, null, 0, 2026-08-20 15:37:57.416463
<==      Total: 17
Closing non transactional SqlSession [org.apache.ibatis.session.defaults.DefaultSqlSession@65443e57]
Creating a new SqlSession
SqlSession [org.apache.ibatis.session.defaults.DefaultSqlSession@636d6bac] was not registered for synchronization because synchronization is not active
JDBC Connection [HikariProxyConnection@1151409710 wrapping conn0: url=jdbc:h2:mem:vben user=SA] will not be managed by Spring
==>  Preparing: SELECT id,username,password,nickname,home_path,status,create_time,update_time FROM sys_user WHERE id=?
==> Parameters: 1(Long)
<==    Columns: id, username, password, nickname, home_path, status, create_time, update_time
<==        Row: 1, vben, $2a$10$uDDG/ebHjkdNHuwE/DCW/.vkwS7R.TU4SJPTAg8deux0yQzzGHV/., Vben, null, 0, 2026-08-20 15:37:57.48917, 2026-08-20 15:37:57.48917
<==      Total: 1
Closing non transactional SqlSession [org.apache.ibatis.session.defaults.DefaultSqlSession@636d6bac]
Creating a new SqlSession
SqlSession [org.apache.ibatis.session.defaults.DefaultSqlSession@4bb8dc01] was not registered for synchronization because synchronization is not active
JDBC Connection [HikariProxyConnection@1733686918 wrapping conn0: url=jdbc:h2:mem:vben user=SA] will not be managed by Spring
==>  Preparing: SELECT r.role_key FROM sys_role r JOIN sys_user_role ur ON ur.role_id = r.id WHERE ur.user_id = ? AND r.status = 0
==> Parameters: 1(Long)
<==    Columns: role_key
<==        Row: super
<==      Total: 1
Closing non transactional SqlSession [org.apache.ibatis.session.defaults.DefaultSqlSession@4bb8dc01]
Creating a new SqlSession
SqlSession [org.apache.ibatis.session.defaults.DefaultSqlSession@6fedc1cb] was not registered for synchronization because synchronization is not active
JDBC Connection [HikariProxyConnection@594666102 wrapping conn0: url=jdbc:h2:mem:vben user=SA] will not be managed by Spring
==>  Preparing: SELECT DISTINCT m.* FROM sys_menu m JOIN sys_role_menu rm ON rm.menu_id = m.id JOIN sys_user_role ur ON ur.role_id = rm.role_id JOIN sys_role r ON r.id = ur.role_id WHERE ur.user_id = ? AND m.status = 0 AND r.status = 0 ORDER BY m.parent_id, m.order_num
==> Parameters: 1(Long)
<==    Columns: id, parent_id, menu_name, menu_type, title, icon, order_num, path, component, redirect, perm, visible, keep_alive, affix_tab, authority, extra_meta, status, create_time
<==        Row: 1, 0, Dashboard, M, page.dashboard.title, null, -1, /dashboard, null, /analytics, null, 0, 0, 0, null, null, 0, 2026-08-20 15:37:57.403075
<==        Row: 4, 0, Perm_System_User_List, F, System:User:List, null, 99, null, null, null, System:User:List, 0, 0, 0, null, null, 0, 2026-08-20 15:37:57.407063
<==        Row: 16, 0, Wsm, M, ø‚¥Êπ‹¿Ì, ic:baseline-inventory-2, 8000, /wsm, null, /wsm/store, null, 0, 0, 0, null, null, 0, 2026-08-20 15:37:57.415456
<==        Row: 5, 0, System, M, œµÕ≥π‹¿Ì, ic:baseline-settings, 9000, /system, null, /system/user, null, 0, 0, 0, null, null, 0, 2026-08-20 15:37:57.408113
<==        Row: 2, 1, Analytics, C, page.dashboard.analytics, null, 1, /analytics, /dashboard/analytics/index, null, null, 0, 0, 1, null, null, 0, 2026-08-20 15:37:57.404972
<==        Row: 3, 1, Workspace, C, page.dashboard.workspace, null, 2, /workspace, /dashboard/workspace/index, null, null, 0, 0, 0, null, null, 0, 2026-08-20 15:37:57.406022
<==        Row: 6, 5, SystemUser, C, ”√ªßπ‹¿Ì, ant-design:user-outlined, 1, /system/user, /system/user/index, null, null, 0, 0, 0, super,admin, null, 0, 2026-08-20 15:37:57.409152
<==        Row: 7, 5, SystemRole, C, Ω«…´π‹¿Ì, ant-design:user-switch-outlined, 2, /system/role, /system/role/index, null, null, 0, 0, 0, super,admin, null, 0, 2026-08-20 15:37:57.409672
<==        Row: 8, 5, SystemMenu, C, ≤Àµ•π‹¿Ì, ant-design:menu-outlined, 3, /system/menu, /system/menu/index, null, null, 0, 0, 0, super,admin, null, 0, 2026-08-20 15:37:57.410709
<==        Row: 9, 5, Perm_System_Role_Add, F, System:Role:Add, null, 99, null, null, null, System:Role:Add, 0, 0, 0, null, null, 0, 2026-08-20 15:37:57.411229
<==        Row: 10, 5, Perm_System_Role_Edit, F, System:Role:Edit, null, 99, null, null, null, System:Role:Edit, 0, 0, 0, null, null, 0, 2026-08-20 15:37:57.411757
<==        Row: 11, 5, Perm_System_Role_Delete, F, System:Role:Delete, null, 99, null, null, null, System:Role:Delete, 0, 0, 0, null, null, 0, 2026-08-20 15:37:57.412802
<==        Row: 12, 5, Perm_System_Role_Auth, F, System:Role:Auth, null, 99, null, null, null, System:Role:Auth, 0, 0, 0, null, null, 0, 2026-08-20 15:37:57.413394
<==        Row: 13, 5, Perm_System_Menu_Add, F, System:Menu:Add, null, 99, null, null, null, System:Menu:Add, 0, 0, 0, null, null, 0, 2026-08-20 15:37:57.413917
<==        Row: 14, 5, Perm_System_Menu_Edit, F, System:Menu:Edit, null, 99, null, null, null, System:Menu:Edit, 0, 0, 0, null, null, 0, 2026-08-20 15:37:57.414432
<==        Row: 15, 5, Perm_System_Menu_Delete, F, System:Menu:Delete, null, 99, null, null, null, System:Menu:Delete, 0, 0, 0, null, null, 0, 2026-08-20 15:37:57.414952
<==        Row: 17, 16, WsmStore, C, ø‚¥Ê, ic:baseline-inventory, 1, /wsm/store, /wsm/store/index, null, null, 0, 0, 0, super,admin, null, 0, 2026-08-20 15:37:57.416463
<==      Total: 17
Closing non transactional SqlSession [org.apache.ibatis.session.defaults.DefaultSqlSession@6fedc1cb]
Creating a new SqlSession
SqlSession [org.apache.ibatis.session.defaults.DefaultSqlSession@2e246acd] was not registered for synchronization because synchronization is not active
JDBC Connection [HikariProxyConnection@1712146505 wrapping conn0: url=jdbc:h2:mem:vben user=SA] will not be managed by Spring
==>  Preparing: SELECT id,parent_id,menu_name,menu_type,title,icon,order_num,path,component,redirect,perm,visible,keep_alive,affix_tab,authority,extra_meta,status,create_time FROM sys_menu ORDER BY parent_id ASC,order_num ASC
==> Parameters: 
<==    Columns: id, parent_id, menu_name, menu_type, title, icon, order_num, path, component, redirect, perm, visible, keep_alive, affix_tab, authority, extra_meta, status, create_time
<==        Row: 1, 0, Dashboard, M, page.dashboard.title, null, -1, /dashboard, null, /analytics, null, 0, 0, 0, null, null, 0, 2026-08-20 15:37:57.403075
<==        Row: 4, 0, Perm_System_User_List, F, System:User:List, null, 99, null, null, null, System:User:List, 0, 0, 0, null, null, 0, 2026-08-20 15:37:57.407063
<==        Row: 16, 0, Wsm, M, ø‚¥Êπ‹¿Ì, ic:baseline-inventory-2, 8000, /wsm, null, /wsm/store, null, 0, 0, 0, null, null, 0, 2026-08-20 15:37:57.415456
<==        Row: 5, 0, System, M, œµÕ≥π‹¿Ì, ic:baseline-settings, 9000, /system, null, /system/user, null, 0, 0, 0, null, null, 0, 2026-08-20 15:37:57.408113
<==        Row: 2, 1, Analytics, C, page.dashboard.analytics, null, 1, /analytics, /dashboard/analytics/index, null, null, 0, 0, 1, null, null, 0, 2026-08-20 15:37:57.404972
<==        Row: 3, 1, Workspace, C, page.dashboard.workspace, null, 2, /workspace, /dashboard/workspace/index, null, null, 0, 0, 0, null, null, 0, 2026-08-20 15:37:57.406022
<==        Row: 6, 5, SystemUser, C, ”√ªßπ‹¿Ì, ant-design:user-outlined, 1, /system/user, /system/user/index, null, null, 0, 0, 0, super,admin, null, 0, 2026-08-20 15:37:57.409152
<==        Row: 7, 5, SystemRole, C, Ω«…´π‹¿Ì, ant-design:user-switch-outlined, 2, /system/role, /system/role/index, null, null, 0, 0, 0, super,admin, null, 0, 2026-08-20 15:37:57.409672
<==        Row: 8, 5, SystemMenu, C, ≤Àµ•π‹¿Ì, ant-design:menu-outlined, 3, /system/menu, /system/menu/index, null, null, 0, 0, 0, super,admin, null, 0, 2026-08-20 15:37:57.410709
<==        Row: 9, 5, Perm_System_Role_Add, F, System:Role:Add, null, 99, null, null, null, System:Role:Add, 0, 0, 0, null, null, 0, 2026-08-20 15:37:57.411229
<==        Row: 10, 5, Perm_System_Role_Edit, F, System:Role:Edit, null, 99, null, null, null, System:Role:Edit, 0, 0, 0, null, null, 0, 2026-08-20 15:37:57.411757
<==        Row: 11, 5, Perm_System_Role_Delete, F, System:Role:Delete, null, 99, null, null, null, System:Role:Delete, 0, 0, 0, null, null, 0, 2026-08-20 15:37:57.412802
<==        Row: 12, 5, Perm_System_Role_Auth, F, System:Role:Auth, null, 99, null, null, null, System:Role:Auth, 0, 0, 0, null, null, 0, 2026-08-20 15:37:57.413394
<==        Row: 13, 5, Perm_System_Menu_Add, F, System:Menu:Add, null, 99, null, null, null, System:Menu:Add, 0, 0, 0, null, null, 0, 2026-08-20 15:37:57.413917
<==        Row: 14, 5, Perm_System_Menu_Edit, F, System:Menu:Edit, null, 99, null, null, null, System:Menu:Edit, 0, 0, 0, null, null, 0, 2026-08-20 15:37:57.414432
<==        Row: 15, 5, Perm_System_Menu_Delete, F, System:Menu:Delete, null, 99, null, null, null, System:Menu:Delete, 0, 0, 0, null, null, 0, 2026-08-20 15:37:57.414952
<==        Row: 17, 16, WsmStore, C, ø‚¥Ê, ic:baseline-inventory, 1, /wsm/store, /wsm/store/index, null, null, 0, 0, 0, super,admin, null, 0, 2026-08-20 15:37:57.416463
<==        Row: 18, 16, WsmTransport, C, ø‚¥ÊŒÔ¡˜, ic:baseline-inventory, 1, /wsm/transport, /wsm/transport/index, null, , 0, 0, 0, null, null, 0, 2026-08-20 15:43:04.77061
<==      Total: 18
Closing non transactional SqlSession [org.apache.ibatis.session.defaults.DefaultSqlSession@2e246acd]
Creating a new SqlSession
SqlSession [org.apache.ibatis.session.defaults.DefaultSqlSession@4acc0737] was not registered for synchronization because synchronization is not active
JDBC Connection [HikariProxyConnection@811979063 wrapping conn0: url=jdbc:h2:mem:vben user=SA] will not be managed by Spring
==>  Preparing: SELECT id,username,password,nickname,home_path,status,create_time,update_time FROM sys_user WHERE id=?
==> Parameters: 1(Long)
<==    Columns: id, username, password, nickname, home_path, status, create_time, update_time
<==        Row: 1, vben, $2a$10$uDDG/ebHjkdNHuwE/DCW/.vkwS7R.TU4SJPTAg8deux0yQzzGHV/., Vben, null, 0, 2026-08-20 15:37:57.48917, 2026-08-20 15:37:57.48917
<==      Total: 1
Closing non transactional SqlSession [org.apache.ibatis.session.defaults.DefaultSqlSession@4acc0737]
Creating a new SqlSession
SqlSession [org.apache.ibatis.session.defaults.DefaultSqlSession@30a14748] was not registered for synchronization because synchronization is not active
JDBC Connection [HikariProxyConnection@37286245 wrapping conn0: url=jdbc:h2:mem:vben user=SA] will not be managed by Spring
==>  Preparing: SELECT r.role_key FROM sys_role r JOIN sys_user_role ur ON ur.role_id = r.id WHERE ur.user_id = ? AND r.status = 0
==> Parameters: 1(Long)
<==    Columns: role_key
<==        Row: super
<==      Total: 1
Closing non transactional SqlSession [org.apache.ibatis.session.defaults.DefaultSqlSession@30a14748]
Creating a new SqlSession
SqlSession [org.apache.ibatis.session.defaults.DefaultSqlSession@2867abaa] was not registered for synchronization because synchronization is not active
JDBC Connection [HikariProxyConnection@915745784 wrapping conn0: url=jdbc:h2:mem:vben user=SA] will not be managed by Spring
==>  Preparing: SELECT DISTINCT m.* FROM sys_menu m JOIN sys_role_menu rm ON rm.menu_id = m.id JOIN sys_user_role ur ON ur.role_id = rm.role_id JOIN sys_role r ON r.id = ur.role_id WHERE ur.user_id = ? AND m.status = 0 AND r.status = 0 ORDER BY m.parent_id, m.order_num
==> Parameters: 1(Long)
<==    Columns: id, parent_id, menu_name, menu_type, title, icon, order_num, path, component, redirect, perm, visible, keep_alive, affix_tab, authority, extra_meta, status, create_time
<==        Row: 1, 0, Dashboard, M, page.dashboard.title, null, -1, /dashboard, null, /analytics, null, 0, 0, 0, null, null, 0, 2026-08-20 15:37:57.403075
<==        Row: 4, 0, Perm_System_User_List, F, System:User:List, null, 99, null, null, null, System:User:List, 0, 0, 0, null, null, 0, 2026-08-20 15:37:57.407063
<==        Row: 16, 0, Wsm, M, ø‚¥Êπ‹¿Ì, ic:baseline-inventory-2, 8000, /wsm, null, /wsm/store, null, 0, 0, 0, null, null, 0, 2026-08-20 15:37:57.415456
<==        Row: 5, 0, System, M, œµÕ≥π‹¿Ì, ic:baseline-settings, 9000, /system, null, /system/user, null, 0, 0, 0, null, null, 0, 2026-08-20 15:37:57.408113
<==        Row: 2, 1, Analytics, C, page.dashboard.analytics, null, 1, /analytics, /dashboard/analytics/index, null, null, 0, 0, 1, null, null, 0, 2026-08-20 15:37:57.404972
<==        Row: 3, 1, Workspace, C, page.dashboard.workspace, null, 2, /workspace, /dashboard/workspace/index, null, null, 0, 0, 0, null, null, 0, 2026-08-20 15:37:57.406022
<==        Row: 6, 5, SystemUser, C, ”√ªßπ‹¿Ì, ant-design:user-outlined, 1, /system/user, /system/user/index, null, null, 0, 0, 0, super,admin, null, 0, 2026-08-20 15:37:57.409152
<==        Row: 7, 5, SystemRole, C, Ω«…´π‹¿Ì, ant-design:user-switch-outlined, 2, /system/role, /system/role/index, null, null, 0, 0, 0, super,admin, null, 0, 2026-08-20 15:37:57.409672
<==        Row: 8, 5, SystemMenu, C, ≤Àµ•π‹¿Ì, ant-design:menu-outlined, 3, /system/menu, /system/menu/index, null, null, 0, 0, 0, super,admin, null, 0, 2026-08-20 15:37:57.410709
<==        Row: 9, 5, Perm_System_Role_Add, F, System:Role:Add, null, 99, null, null, null, System:Role:Add, 0, 0, 0, null, null, 0, 2026-08-20 15:37:57.411229
<==        Row: 10, 5, Perm_System_Role_Edit, F, System:Role:Edit, null, 99, null, null, null, System:Role:Edit, 0, 0, 0, null, null, 0, 2026-08-20 15:37:57.411757
<==        Row: 11, 5, Perm_System_Role_Delete, F, System:Role:Delete, null, 99, null, null, null, System:Role:Delete, 0, 0, 0, null, null, 0, 2026-08-20 15:37:57.412802
<==        Row: 12, 5, Perm_System_Role_Auth, F, System:Role:Auth, null, 99, null, null, null, System:Role:Auth, 0, 0, 0, null, null, 0, 2026-08-20 15:37:57.413394
<==        Row: 13, 5, Perm_System_Menu_Add, F, System:Menu:Add, null, 99, null, null, null, System:Menu:Add, 0, 0, 0, null, null, 0, 2026-08-20 15:37:57.413917
<==        Row: 14, 5, Perm_System_Menu_Edit, F, System:Menu:Edit, null, 99, null, null, null, System:Menu:Edit, 0, 0, 0, null, null, 0, 2026-08-20 15:37:57.414432
<==        Row: 15, 5, Perm_System_Menu_Delete, F, System:Menu:Delete, null, 99, null, null, null, System:Menu:Delete, 0, 0, 0, null, null, 0, 2026-08-20 15:37:57.414952
<==        Row: 17, 16, WsmStore, C, ø‚¥Ê, ic:baseline-inventory, 1, /wsm/store, /wsm/store/index, null, null, 0, 0, 0, super,admin, null, 0, 2026-08-20 15:37:57.416463
<==      Total: 17
Closing non transactional SqlSession [org.apache.ibatis.session.defaults.DefaultSqlSession@2867abaa]
Creating a new SqlSession
SqlSession [org.apache.ibatis.session.defaults.DefaultSqlSession@c34b165] was not registered for synchronization because synchronization is not active
JDBC Connection [HikariProxyConnection@1559040566 wrapping conn0: url=jdbc:h2:mem:vben user=SA] will not be managed by Spring
==>  Preparing: SELECT COUNT(*) AS total FROM sys_user
==> Parameters: 
<==    Columns: total
<==        Row: 3
<==      Total: 1
==>  Preparing: SELECT id,username,password,nickname,home_path,status,create_time,update_time FROM sys_user LIMIT ?
==> Parameters: 10(Long)
<==    Columns: id, username, password, nickname, home_path, status, create_time, update_time
<==        Row: 1, vben, $2a$10$uDDG/ebHjkdNHuwE/DCW/.vkwS7R.TU4SJPTAg8deux0yQzzGHV/., Vben, null, 0, 2026-08-20 15:37:57.48917, 2026-08-20 15:37:57.48917
<==        Row: 2, admin, $2a$10$kTseNu/UofmbDAClk3on2ezHh07odCt3lByC4DgFB4C4fnygvNs3u, Admin, /workspace, 0, 2026-08-20 15:37:57.560174, 2026-08-20 15:37:57.560174
<==        Row: 3, jack, $2a$10$ZCXtnETO2vHbX3M6bsVYl.KRsd1fS6cCMqVq6tPUol5RmXjpQLQC2, Jack, /analytics, 0, 2026-08-20 15:37:57.629747, 2026-08-20 15:37:57.629747
<==      Total: 3
Closing non transactional SqlSession [org.apache.ibatis.session.defaults.DefaultSqlSession@c34b165]
Creating a new SqlSession
SqlSession [org.apache.ibatis.session.defaults.DefaultSqlSession@254e95a0] was not registered for synchronization because synchronization is not active
JDBC Connection [HikariProxyConnection@2005212165 wrapping conn0: url=jdbc:h2:mem:vben user=SA] will not be managed by Spring
==>  Preparing: SELECT id,username,password,nickname,home_path,status,create_time,update_time FROM sys_user WHERE id=?
==> Parameters: 1(Long)
<==    Columns: id, username, password, nickname, home_path, status, create_time, update_time
<==        Row: 1, vben, $2a$10$uDDG/ebHjkdNHuwE/DCW/.vkwS7R.TU4SJPTAg8deux0yQzzGHV/., Vben, null, 0, 2026-08-20 15:37:57.48917, 2026-08-20 15:37:57.48917
<==      Total: 1
Closing non transactional SqlSession [org.apache.ibatis.session.defaults.DefaultSqlSession@254e95a0]
Creating a new SqlSession
SqlSession [org.apache.ibatis.session.defaults.DefaultSqlSession@4574b3e5] was not registered for synchronization because synchronization is not active
JDBC Connection [HikariProxyConnection@266507411 wrapping conn0: url=jdbc:h2:mem:vben user=SA] will not be managed by Spring
==>  Preparing: SELECT r.role_key FROM sys_role r JOIN sys_user_role ur ON ur.role_id = r.id WHERE ur.user_id = ? AND r.status = 0
==> Parameters: 1(Long)
<==    Columns: role_key
<==        Row: super
<==      Total: 1
Closing non transactional SqlSession [org.apache.ibatis.session.defaults.DefaultSqlSession@4574b3e5]
Creating a new SqlSession
SqlSession [org.apache.ibatis.session.defaults.DefaultSqlSession@5ed0f35a] was not registered for synchronization because synchronization is not active
JDBC Connection [HikariProxyConnection@32156081 wrapping conn0: url=jdbc:h2:mem:vben user=SA] will not be managed by Spring
==>  Preparing: SELECT DISTINCT m.* FROM sys_menu m JOIN sys_role_menu rm ON rm.menu_id = m.id JOIN sys_user_role ur ON ur.role_id = rm.role_id JOIN sys_role r ON r.id = ur.role_id WHERE ur.user_id = ? AND m.status = 0 AND r.status = 0 ORDER BY m.parent_id, m.order_num
==> Parameters: 1(Long)
<==    Columns: id, parent_id, menu_name, menu_type, title, icon, order_num, path, component, redirect, perm, visible, keep_alive, affix_tab, authority, extra_meta, status, create_time
<==        Row: 1, 0, Dashboard, M, page.dashboard.title, null, -1, /dashboard, null, /analytics, null, 0, 0, 0, null, null, 0, 2026-08-20 15:37:57.403075
<==        Row: 4, 0, Perm_System_User_List, F, System:User:List, null, 99, null, null, null, System:User:List, 0, 0, 0, null, null, 0, 2026-08-20 15:37:57.407063
<==        Row: 16, 0, Wsm, M, ø‚¥Êπ‹¿Ì, ic:baseline-inventory-2, 8000, /wsm, null, /wsm/store, null, 0, 0, 0, null, null, 0, 2026-08-20 15:37:57.415456
<==        Row: 5, 0, System, M, œµÕ≥π‹¿Ì, ic:baseline-settings, 9000, /system, null, /system/user, null, 0, 0, 0, null, null, 0, 2026-08-20 15:37:57.408113
<==        Row: 2, 1, Analytics, C, page.dashboard.analytics, null, 1, /analytics, /dashboard/analytics/index, null, null, 0, 0, 1, null, null, 0, 2026-08-20 15:37:57.404972
<==        Row: 3, 1, Workspace, C, page.dashboard.workspace, null, 2, /workspace, /dashboard/workspace/index, null, null, 0, 0, 0, null, null, 0, 2026-08-20 15:37:57.406022
<==        Row: 6, 5, SystemUser, C, ”√ªßπ‹¿Ì, ant-design:user-outlined, 1, /system/user, /system/user/index, null, null, 0, 0, 0, super,admin, null, 0, 2026-08-20 15:37:57.409152
<==        Row: 7, 5, SystemRole, C, Ω«…´π‹¿Ì, ant-design:user-switch-outlined, 2, /system/role, /system/role/index, null, null, 0, 0, 0, super,admin, null, 0, 2026-08-20 15:37:57.409672
<==        Row: 8, 5, SystemMenu, C, ≤Àµ•π‹¿Ì, ant-design:menu-outlined, 3, /system/menu, /system/menu/index, null, null, 0, 0, 0, super,admin, null, 0, 2026-08-20 15:37:57.410709
<==        Row: 9, 5, Perm_System_Role_Add, F, System:Role:Add, null, 99, null, null, null, System:Role:Add, 0, 0, 0, null, null, 0, 2026-08-20 15:37:57.411229
<==        Row: 10, 5, Perm_System_Role_Edit, F, System:Role:Edit, null, 99, null, null, null, System:Role:Edit, 0, 0, 0, null, null, 0, 2026-08-20 15:37:57.411757
<==        Row: 11, 5, Perm_System_Role_Delete, F, System:Role:Delete, null, 99, null, null, null, System:Role:Delete, 0, 0, 0, null, null, 0, 2026-08-20 15:37:57.412802
<==        Row: 12, 5, Perm_System_Role_Auth, F, System:Role:Auth, null, 99, null, null, null, System:Role:Auth, 0, 0, 0, null, null, 0, 2026-08-20 15:37:57.413394
<==        Row: 13, 5, Perm_System_Menu_Add, F, System:Menu:Add, null, 99, null, null, null, System:Menu:Add, 0, 0, 0, null, null, 0, 2026-08-20 15:37:57.413917
<==        Row: 14, 5, Perm_System_Menu_Edit, F, System:Menu:Edit, null, 99, null, null, null, System:Menu:Edit, 0, 0, 0, null, null, 0, 2026-08-20 15:37:57.414432
<==        Row: 15, 5, Perm_System_Menu_Delete, F, System:Menu:Delete, null, 99, null, null, null, System:Menu:Delete, 0, 0, 0, null, null, 0, 2026-08-20 15:37:57.414952
<==        Row: 17, 16, WsmStore, C, ø‚¥Ê, ic:baseline-inventory, 1, /wsm/store, /wsm/store/index, null, null, 0, 0, 0, super,admin, null, 0, 2026-08-20 15:37:57.416463
<==      Total: 17
Closing non transactional SqlSession [org.apache.ibatis.session.defaults.DefaultSqlSession@5ed0f35a]
Creating a new SqlSession
SqlSession [org.apache.ibatis.session.defaults.DefaultSqlSession@7a3c8f51] was not registered for synchronization because synchronization is not active
JDBC Connection [HikariProxyConnection@598731119 wrapping conn0: url=jdbc:h2:mem:vben user=SA] will not be managed by Spring
==>  Preparing: SELECT id,parent_id,menu_name,menu_type,title,icon,order_num,path,component,redirect,perm,visible,keep_alive,affix_tab,authority,extra_meta,status,create_time FROM sys_menu ORDER BY parent_id ASC,order_num ASC
==> Parameters: 
<==    Columns: id, parent_id, menu_name, menu_type, title, icon, order_num, path, component, redirect, perm, visible, keep_alive, affix_tab, authority, extra_meta, status, create_time
<==        Row: 1, 0, Dashboard, M, page.dashboard.title, null, -1, /dashboard, null, /analytics, null, 0, 0, 0, null, null, 0, 2026-08-20 15:37:57.403075
<==        Row: 4, 0, Perm_System_User_List, F, System:User:List, null, 99, null, null, null, System:User:List, 0, 0, 0, null, null, 0, 2026-08-20 15:37:57.407063
<==        Row: 16, 0, Wsm, M, ø‚¥Êπ‹¿Ì, ic:baseline-inventory-2, 8000, /wsm, null, /wsm/store, null, 0, 0, 0, null, null, 0, 2026-08-20 15:37:57.415456
<==        Row: 5, 0, System, M, œµÕ≥π‹¿Ì, ic:baseline-settings, 9000, /system, null, /system/user, null, 0, 0, 0, null, null, 0, 2026-08-20 15:37:57.408113
<==        Row: 2, 1, Analytics, C, page.dashboard.analytics, null, 1, /analytics, /dashboard/analytics/index, null, null, 0, 0, 1, null, null, 0, 2026-08-20 15:37:57.404972
<==        Row: 3, 1, Workspace, C, page.dashboard.workspace, null, 2, /workspace, /dashboard/workspace/index, null, null, 0, 0, 0, null, null, 0, 2026-08-20 15:37:57.406022
<==        Row: 6, 5, SystemUser, C, ”√ªßπ‹¿Ì, ant-design:user-outlined, 1, /system/user, /system/user/index, null, null, 0, 0, 0, super,admin, null, 0, 2026-08-20 15:37:57.409152
<==        Row: 7, 5, SystemRole, C, Ω«…´π‹¿Ì, ant-design:user-switch-outlined, 2, /system/role, /system/role/index, null, null, 0, 0, 0, super,admin, null, 0, 2026-08-20 15:37:57.409672
<==        Row: 8, 5, SystemMenu, C, ≤Àµ•π‹¿Ì, ant-design:menu-outlined, 3, /system/menu, /system/menu/index, null, null, 0, 0, 0, super,admin, null, 0, 2026-08-20 15:37:57.410709
<==        Row: 9, 5, Perm_System_Role_Add, F, System:Role:Add, null, 99, null, null, null, System:Role:Add, 0, 0, 0, null, null, 0, 2026-08-20 15:37:57.411229
<==        Row: 10, 5, Perm_System_Role_Edit, F, System:Role:Edit, null, 99, null, null, null, System:Role:Edit, 0, 0, 0, null, null, 0, 2026-08-20 15:37:57.411757
<==        Row: 11, 5, Perm_System_Role_Delete, F, System:Role:Delete, null, 99, null, null, null, System:Role:Delete, 0, 0, 0, null, null, 0, 2026-08-20 15:37:57.412802
<==        Row: 12, 5, Perm_System_Role_Auth, F, System:Role:Auth, null, 99, null, null, null, System:Role:Auth, 0, 0, 0, null, null, 0, 2026-08-20 15:37:57.413394
<==        Row: 13, 5, Perm_System_Menu_Add, F, System:Menu:Add, null, 99, null, null, null, System:Menu:Add, 0, 0, 0, null, null, 0, 2026-08-20 15:37:57.413917
<==        Row: 14, 5, Perm_System_Menu_Edit, F, System:Menu:Edit, null, 99, null, null, null, System:Menu:Edit, 0, 0, 0, null, null, 0, 2026-08-20 15:37:57.414432
<==        Row: 15, 5, Perm_System_Menu_Delete, F, System:Menu:Delete, null, 99, null, null, null, System:Menu:Delete, 0, 0, 0, null, null, 0, 2026-08-20 15:37:57.414952
<==        Row: 17, 16, WsmStore, C, ø‚¥Ê, ic:baseline-inventory, 1, /wsm/store, /wsm/store/index, null, null, 0, 0, 0, super,admin, null, 0, 2026-08-20 15:37:57.416463
<==        Row: 18, 16, WsmTransport, C, ø‚¥ÊŒÔ¡˜, ic:baseline-inventory, 1, /wsm/transport, /wsm/transport/index, null, , 0, 0, 0, null, null, 0, 2026-08-20 15:43:04.77061
<==      Total: 18
Closing non transactional SqlSession [org.apache.ibatis.session.defaults.DefaultSqlSession@7a3c8f51]
Creating a new SqlSession
SqlSession [org.apache.ibatis.session.defaults.DefaultSqlSession@2da4ea99] was not registered for synchronization because synchronization is not active
JDBC Connection [HikariProxyConnection@698833499 wrapping conn0: url=jdbc:h2:mem:vben user=SA] will not be managed by Spring
==>  Preparing: SELECT id,username,password,nickname,home_path,status,create_time,update_time FROM sys_user WHERE (username = ? AND status = ?)
==> Parameters: vben(String), 0(Integer)
<==    Columns: id, username, password, nickname, home_path, status, create_time, update_time
<==        Row: 1, vben, $2a$10$uDDG/ebHjkdNHuwE/DCW/.vkwS7R.TU4SJPTAg8deux0yQzzGHV/., Vben, null, 0, 2026-08-20 15:37:57.48917, 2026-08-20 15:37:57.48917
<==      Total: 1
Closing non transactional SqlSession [org.apache.ibatis.session.defaults.DefaultSqlSession@2da4ea99]
Creating a new SqlSession
SqlSession [org.apache.ibatis.session.defaults.DefaultSqlSession@724af66f] was not registered for synchronization because synchronization is not active
JDBC Connection [HikariProxyConnection@2133851221 wrapping conn0: url=jdbc:h2:mem:vben user=SA] will not be managed by Spring
==>  Preparing: SELECT r.role_key FROM sys_role r JOIN sys_user_role ur ON ur.role_id = r.id WHERE ur.user_id = ? AND r.status = 0
==> Parameters: 1(Long)
<==    Columns: role_key
<==        Row: super
<==      Total: 1
Closing non transactional SqlSession [org.apache.ibatis.session.defaults.DefaultSqlSession@724af66f]
Creating a new SqlSession
SqlSession [org.apache.ibatis.session.defaults.DefaultSqlSession@3d63f64] was not registered for synchronization because synchronization is not active
JDBC Connection [HikariProxyConnection@1522246593 wrapping conn1: url=jdbc:h2:mem:vben user=SA] will not be managed by Spring
==>  Preparing: SELECT id,username,password,nickname,home_path,status,create_time,update_time FROM sys_user WHERE id=?
==> Parameters: 1(Long)
<==    Columns: id, username, password, nickname, home_path, status, create_time, update_time
<==        Row: 1, vben, $2a$10$uDDG/ebHjkdNHuwE/DCW/.vkwS7R.TU4SJPTAg8deux0yQzzGHV/., Vben, null, 0, 2026-08-20 15:37:57.48917, 2026-08-20 15:37:57.48917
<==      Total: 1
Closing non transactional SqlSession [org.apache.ibatis.session.defaults.DefaultSqlSession@3d63f64]
Creating a new SqlSession
SqlSession [org.apache.ibatis.session.defaults.DefaultSqlSession@6023a414] was not registered for synchronization because synchronization is not active
JDBC Connection [HikariProxyConnection@1181750965 wrapping conn1: url=jdbc:h2:mem:vben user=SA] will not be managed by Spring
==>  Preparing: SELECT r.role_key FROM sys_role r JOIN sys_user_role ur ON ur.role_id = r.id WHERE ur.user_id = ? AND r.status = 0
==> Parameters: 1(Long)
<==    Columns: role_key
<==        Row: super
<==      Total: 1
Closing non transactional SqlSession [org.apache.ibatis.session.defaults.DefaultSqlSession@6023a414]
Creating a new SqlSession
SqlSession [org.apache.ibatis.session.defaults.DefaultSqlSession@74ef3c00] was not registered for synchronization because synchronization is not active
JDBC Connection [HikariProxyConnection@1942830327 wrapping conn1: url=jdbc:h2:mem:vben user=SA] will not be managed by Spring
==>  Preparing: SELECT DISTINCT m.* FROM sys_menu m JOIN sys_role_menu rm ON rm.menu_id = m.id JOIN sys_user_role ur ON ur.role_id = rm.role_id JOIN sys_role r ON r.id = ur.role_id WHERE ur.user_id = ? AND m.status = 0 AND r.status = 0 ORDER BY m.parent_id, m.order_num
==> Parameters: 1(Long)
<==    Columns: id, parent_id, menu_name, menu_type, title, icon, order_num, path, component, redirect, perm, visible, keep_alive, affix_tab, authority, extra_meta, status, create_time
<==        Row: 1, 0, Dashboard, M, page.dashboard.title, null, -1, /dashboard, null, /analytics, null, 0, 0, 0, null, null, 0, 2026-08-20 15:37:57.403075
<==        Row: 4, 0, Perm_System_User_List, F, System:User:List, null, 99, null, null, null, System:User:List, 0, 0, 0, null, null, 0, 2026-08-20 15:37:57.407063
<==        Row: 16, 0, Wsm, M, ø‚¥Êπ‹¿Ì, ic:baseline-inventory-2, 8000, /wsm, null, /wsm/store, null, 0, 0, 0, null, null, 0, 2026-08-20 15:37:57.415456
<==        Row: 5, 0, System, M, œµÕ≥π‹¿Ì, ic:baseline-settings, 9000, /system, null, /system/user, null, 0, 0, 0, null, null, 0, 2026-08-20 15:37:57.408113
<==        Row: 2, 1, Analytics, C, page.dashboard.analytics, null, 1, /analytics, /dashboard/analytics/index, null, null, 0, 0, 1, null, null, 0, 2026-08-20 15:37:57.404972
<==        Row: 3, 1, Workspace, C, page.dashboard.workspace, null, 2, /workspace, /dashboard/workspace/index, null, null, 0, 0, 0, null, null, 0, 2026-08-20 15:37:57.406022
<==        Row: 6, 5, SystemUser, C, ”√ªßπ‹¿Ì, ant-design:user-outlined, 1, /system/user, /system/user/index, null, null, 0, 0, 0, super,admin, null, 0, 2026-08-20 15:37:57.409152
<==        Row: 7, 5, SystemRole, C, Ω«…´π‹¿Ì, ant-design:user-switch-outlined, 2, /system/role, /system/role/index, null, null, 0, 0, 0, super,admin, null, 0, 2026-08-20 15:37:57.409672
<==        Row: 8, 5, SystemMenu, C, ≤Àµ•π‹¿Ì, ant-design:menu-outlined, 3, /system/menu, /system/menu/index, null, null, 0, 0, 0, super,admin, null, 0, 2026-08-20 15:37:57.410709
<==        Row: 9, 5, Perm_System_Role_Add, F, System:Role:Add, null, 99, null, null, null, System:Role:Add, 0, 0, 0, null, null, 0, 2026-08-20 15:37:57.411229
<==        Row: 10, 5, Perm_System_Role_Edit, F, System:Role:Edit, null, 99, null, null, null, System:Role:Edit, 0, 0, 0, null, null, 0, 2026-08-20 15:37:57.411757
<==        Row: 11, 5, Perm_System_Role_Delete, F, System:Role:Delete, null, 99, null, null, null, System:Role:Delete, 0, 0, 0, null, null, 0, 2026-08-20 15:37:57.412802
<==        Row: 12, 5, Perm_System_Role_Auth, F, System:Role:Auth, null, 99, null, null, null, System:Role:Auth, 0, 0, 0, null, null, 0, 2026-08-20 15:37:57.413394
<==        Row: 13, 5, Perm_System_Menu_Add, F, System:Menu:Add, null, 99, null, null, null, System:Menu:Add, 0, 0, 0, null, null, 0, 2026-08-20 15:37:57.413917
<==        Row: 14, 5, Perm_System_Menu_Edit, F, System:Menu:Edit, null, 99, null, null, null, System:Menu:Edit, 0, 0, 0, null, null, 0, 2026-08-20 15:37:57.414432
<==        Row: 15, 5, Perm_System_Menu_Delete, F, System:Menu:Delete, null, 99, null, null, null, System:Menu:Delete, 0, 0, 0, null, null, 0, 2026-08-20 15:37:57.414952
<==        Row: 17, 16, WsmStore, C, ø‚¥Ê, ic:baseline-inventory, 1, /wsm/store, /wsm/store/index, null, null, 0, 0, 0, super,admin, null, 0, 2026-08-20 15:37:57.416463
<==      Total: 17
Closing non transactional SqlSession [org.apache.ibatis.session.defaults.DefaultSqlSession@74ef3c00]
Creating a new SqlSession
SqlSession [org.apache.ibatis.session.defaults.DefaultSqlSession@eb3259e] was not registered for synchronization because synchronization is not active
JDBC Connection [HikariProxyConnection@1211125571 wrapping conn1: url=jdbc:h2:mem:vben user=SA] will not be managed by Spring
==>  Preparing: SELECT id,parent_id,menu_name,menu_type,title,icon,order_num,path,component,redirect,perm,visible,keep_alive,affix_tab,authority,extra_meta,status,create_time FROM sys_menu ORDER BY parent_id ASC,order_num ASC
==> Parameters: 
<==    Columns: id, parent_id, menu_name, menu_type, title, icon, order_num, path, component, redirect, perm, visible, keep_alive, affix_tab, authority, extra_meta, status, create_time
<==        Row: 1, 0, Dashboard, M, page.dashboard.title, null, -1, /dashboard, null, /analytics, null, 0, 0, 0, null, null, 0, 2026-08-20 15:37:57.403075
<==        Row: 4, 0, Perm_System_User_List, F, System:User:List, null, 99, null, null, null, System:User:List, 0, 0, 0, null, null, 0, 2026-08-20 15:37:57.407063
<==        Row: 16, 0, Wsm, M, ø‚¥Êπ‹¿Ì, ic:baseline-inventory-2, 8000, /wsm, null, /wsm/store, null, 0, 0, 0, null, null, 0, 2026-08-20 15:37:57.415456
<==        Row: 5, 0, System, M, œµÕ≥π‹¿Ì, ic:baseline-settings, 9000, /system, null, /system/user, null, 0, 0, 0, null, null, 0, 2026-08-20 15:37:57.408113
<==        Row: 2, 1, Analytics, C, page.dashboard.analytics, null, 1, /analytics, /dashboard/analytics/index, null, null, 0, 0, 1, null, null, 0, 2026-08-20 15:37:57.404972
<==        Row: 3, 1, Workspace, C, page.dashboard.workspace, null, 2, /workspace, /dashboard/workspace/index, null, null, 0, 0, 0, null, null, 0, 2026-08-20 15:37:57.406022
<==        Row: 6, 5, SystemUser, C, ”√ªßπ‹¿Ì, ant-design:user-outlined, 1, /system/user, /system/user/index, null, null, 0, 0, 0, super,admin, null, 0, 2026-08-20 15:37:57.409152
<==        Row: 7, 5, SystemRole, C, Ω«…´π‹¿Ì, ant-design:user-switch-outlined, 2, /system/role, /system/role/index, null, null, 0, 0, 0, super,admin, null, 0, 2026-08-20 15:37:57.409672
<==        Row: 8, 5, SystemMenu, C, ≤Àµ•π‹¿Ì, ant-design:menu-outlined, 3, /system/menu, /system/menu/index, null, null, 0, 0, 0, super,admin, null, 0, 2026-08-20 15:37:57.410709
<==        Row: 9, 5, Perm_System_Role_Add, F, System:Role:Add, null, 99, null, null, null, System:Role:Add, 0, 0, 0, null, null, 0, 2026-08-20 15:37:57.411229
<==        Row: 10, 5, Perm_System_Role_Edit, F, System:Role:Edit, null, 99, null, null, null, System:Role:Edit, 0, 0, 0, null, null, 0, 2026-08-20 15:37:57.411757
<==        Row: 11, 5, Perm_System_Role_Delete, F, System:Role:Delete, null, 99, null, null, null, System:Role:Delete, 0, 0, 0, null, null, 0, 2026-08-20 15:37:57.412802
<==        Row: 12, 5, Perm_System_Role_Auth, F, System:Role:Auth, null, 99, null, null, null, System:Role:Auth, 0, 0, 0, null, null, 0, 2026-08-20 15:37:57.413394
<==        Row: 13, 5, Perm_System_Menu_Add, F, System:Menu:Add, null, 99, null, null, null, System:Menu:Add, 0, 0, 0, null, null, 0, 2026-08-20 15:37:57.413917
<==        Row: 14, 5, Perm_System_Menu_Edit, F, System:Menu:Edit, null, 99, null, null, null, System:Menu:Edit, 0, 0, 0, null, null, 0, 2026-08-20 15:37:57.414432
<==        Row: 15, 5, Perm_System_Menu_Delete, F, System:Menu:Delete, null, 99, null, null, null, System:Menu:Delete, 0, 0, 0, null, null, 0, 2026-08-20 15:37:57.414952
<==        Row: 17, 16, WsmStore, C, ø‚¥Ê, ic:baseline-inventory, 1, /wsm/store, /wsm/store/index, null, null, 0, 0, 0, super,admin, null, 0, 2026-08-20 15:37:57.416463
<==        Row: 18, 16, WsmTransport, C, ø‚¥ÊŒÔ¡˜, ic:baseline-inventory, 1, /wsm/transport, /wsm/transport/index, null, , 0, 0, 0, null, null, 0, 2026-08-20 15:43:04.77061
<==      Total: 18
Closing non transactional SqlSession [org.apache.ibatis.session.defaults.DefaultSqlSession@eb3259e]
